datetime, co2-ccs811, co2-mhz, temp-bme280, temp-mhz 
2020-11-09T15:46:34,436,404,36,28.8,28.0
2020-11-09T15:46:44,414,402,36,28.8,28.0
2020-11-09T15:46:54,406,404,36,28.8,28.0
2020-11-09T15:47:04,1491,402,39,28.4,27.0
2020-11-09T15:47:14,594,403,37,28.5,27.0
2020-11-09T15:47:24,487,402,37,28.5,27.0
2020-11-09T15:47:34,465,400,37,28.5,27.0
2020-11-09T15:47:44,470,413,37,28.5,27.0
2020-11-09T15:47:54,424,430,37,28.5,27.0
2020-11-09T15:48:04,483,440,37,28.6,27.0
2020-11-09T15:48:14,447,461,37,28.6,27.0
2020-11-09T15:48:24,400,465,36,28.6,27.0
2020-11-09T15:48:34,405,469,36,28.6,27.0
2020-11-09T15:48:44,400,473,36,28.7,27.0
2020-11-09T15:48:54,410,477,36,28.7,27.0
2020-11-09T15:49:04,417,479,36,28.7,27.0
2020-11-09T15:49:14,426,479,36,28.7,27.0
2020-11-09T15:49:24,405,480,36,28.8,28.0
2020-11-09T15:49:34,405,482,36,28.8,28.0
2020-11-09T15:49:44,400,482,36,28.8,27.0
2020-11-09T15:49:54,424,482,36,28.8,27.0
2020-11-09T15:50:04,420,482,36,28.8,28.0
2020-11-09T15:50:14,420,481,36,28.8,27.0
2020-11-09T15:50:24,411,483,36,28.8,27.0
2020-11-09T15:50:34,400,487,36,28.8,28.0
2020-11-09T15:50:44,400,485,36,28.8,28.0
2020-11-09T15:50:54,423,484,36,28.9,27.0
2020-11-09T15:51:04,408,482,36,28.9,27.0
2020-11-09T15:51:14,400,479,35,28.9,27.0
2020-11-09T15:51:24,400,479,35,28.9,27.0
2020-11-09T15:51:34,400,479,35,28.9,27.0
2020-11-09T15:51:44,408,480,35,28.9,27.0
2020-11-09T15:51:54,400,479,35,28.9,27.0
2020-11-09T15:52:04,428,479,35,28.9,27.0
2020-11-09T15:52:14,400,478,35,28.9,27.0
2020-11-09T15:52:24,403,478,35,28.9,27.0
2020-11-09T15:52:34,417,472,35,28.9,27.0
2020-11-09T15:52:44,448,460,35,28.9,27.0
2020-11-09T15:52:54,460,443,35,28.9,27.0
2020-11-09T15:53:04,464,433,35,28.9,27.0
2020-11-09T15:53:14,460,425,35,28.9,27.0
2020-11-09T15:53:24,460,416,35,28.9,27.0
2020-11-09T15:53:34,424,409,35,28.9,27.0
2020-11-09T15:53:44,400,407,35,28.9,27.0
2020-11-09T15:53:54,406,402,35,28.9,27.0
2020-11-09T15:54:04,414,400,35,28.9,27.0
2020-11-09T15:54:14,410,401,35,28.9,27.0
2020-11-09T15:54:24,406,402,35,28.9,27.0
2020-11-09T15:54:34,414,400,35,28.9,27.0
2020-11-09T15:54:44,448,400,35,28.9,27.0
2020-11-09T15:54:54,436,401,35,28.9,27.0
2020-11-09T15:55:04,441,401,35,28.9,27.0
2020-11-09T15:55:14,445,404,35,28.9,27.0
2020-11-09T15:55:24,464,400,35,28.9,27.0
2020-11-09T15:55:34,473,404,35,28.9,27.0
2020-11-09T15:55:44,460,404,35,28.9,27.0
2020-11-09T15:55:54,460,404,35,28.9,27.0
2020-11-09T15:56:04,456,401,35,28.9,27.0
2020-11-09T15:56:14,464,402,35,28.9,27.0
2020-11-09T15:56:24,473,402,35,28.9,27.0
2020-11-09T15:56:34,442,401,35,28.9,27.0
2020-11-09T15:56:44,451,401,35,28.9,27.0
2020-11-09T15:56:54,464,401,35,28.9,27.0
2020-11-09T15:57:04,452,402,35,28.9,27.0
2020-11-09T15:57:14,456,402,35,28.9,27.0
2020-11-09T15:57:24,460,404,35,28.9,27.0
2020-11-09T15:57:34,475,404,35,28.9,27.0
2020-11-09T15:57:44,496,404,35,28.9,27.0
2020-11-09T15:57:54,505,404,35,28.9,27.0
2020-11-09T15:58:04,508,402,35,28.9,27.0
2020-11-09T15:58:14,523,404,35,28.9,27.0
2020-11-09T15:58:24,496,401,35,28.9,27.0
2020-11-09T15:58:34,501,403,35,28.9,27.0
2020-11-09T15:58:44,478,402,35,28.9,27.0
2020-11-09T15:58:54,487,400,35,28.9,27.0
2020-11-09T15:59:04,451,404,35,28.9,27.0
2020-11-09T15:59:14,432,404,35,28.9,27.0
2020-11-09T15:59:24,448,401,35,28.9,27.0
2020-11-09T15:59:34,451,400,35,28.9,27.0
2020-11-09T15:59:44,427,400,35,28.9,27.0
2020-11-09T15:59:54,427,400,35,28.9,27.0
2020-11-09T16:00:04,420,400,35,28.9,27.0
2020-11-09T16:00:14,420,403,35,28.9,27.0
2020-11-09T16:00:24,448,401,35,28.9,27.0
2020-11-09T16:00:34,460,400,35,28.9,27.0
2020-11-09T16:00:44,424,403,35,28.9,27.0
2020-11-09T16:00:54,436,402,35,28.9,27.0
2020-11-09T16:01:04,456,400,35,28.9,27.0
2020-11-09T16:01:14,460,404,35,28.9,27.0
2020-11-09T16:01:24,448,401,35,28.8,27.0
2020-11-09T16:01:34,460,401,35,28.8,27.0
2020-11-09T16:01:44,464,400,35,28.8,27.0
2020-11-09T16:01:54,451,402,35,28.8,27.0
2020-11-09T16:02:04,448,402,35,28.8,27.0
2020-11-09T16:02:14,445,400,35,28.8,27.0
2020-11-09T16:02:24,451,400,35,28.8,27.0
2020-11-09T16:02:34,456,402,35,28.8,27.0
2020-11-09T16:02:44,448,402,35,28.8,27.0
2020-11-09T16:02:54,448,402,35,28.8,27.0
2020-11-09T16:03:04,456,400,35,28.8,27.0
2020-11-09T16:03:14,456,402,35,28.8,27.0
2020-11-09T16:03:24,460,401,35,28.8,27.0
2020-11-09T16:03:34,448,400,35,28.9,27.0
2020-11-09T16:03:44,400,403,35,28.9,27.0
2020-11-09T16:03:54,420,402,35,28.9,27.0
2020-11-09T16:04:04,403,401,35,28.9,27.0
2020-11-09T16:04:14,402,404,35,28.9,27.0
2020-11-09T16:04:24,400,402,35,28.9,27.0
2020-11-09T16:04:34,414,403,35,28.9,27.0
2020-11-09T16:04:44,424,400,35,28.9,27.0
2020-11-09T16:04:54,421,404,35,28.9,27.0
2020-11-09T16:05:04,448,400,35,28.9,27.0
2020-11-09T16:05:14,451,402,35,28.9,27.0
2020-11-09T16:05:24,435,401,35,28.9,27.0
2020-11-09T16:05:34,428,404,35,28.9,27.0
2020-11-09T16:05:44,444,401,35,28.9,27.0
2020-11-09T16:05:54,424,404,35,28.9,27.0
2020-11-09T16:06:04,424,402,35,28.9,27.0
2020-11-09T16:06:14,439,404,35,28.8,27.0
2020-11-09T16:06:24,444,404,35,28.8,27.0
2020-11-09T16:06:34,456,402,35,28.8,27.0
2020-11-09T16:06:44,421,402,35,28.7,27.0
2020-11-09T16:06:54,444,401,35,28.7,27.0
2020-11-09T16:07:04,459,403,35,28.7,27.0
2020-11-09T16:07:14,459,404,35,28.7,27.0
2020-11-09T16:07:24,464,401,35,28.7,27.0
2020-11-09T16:07:34,455,404,35,28.7,27.0
2020-11-09T16:07:44,420,402,35,28.6,27.0
2020-11-09T16:07:54,408,402,35,28.6,27.0
2020-11-09T16:08:04,400,401,35,28.6,27.0
2020-11-09T16:08:14,400,401,35,28.6,27.0
2020-11-09T16:08:24,417,403,35,28.6,27.0
2020-11-09T16:08:34,405,400,35,28.6,27.0
2020-11-09T16:08:44,413,400,35,28.6,27.0
2020-11-09T16:08:54,421,404,35,28.6,27.0
2020-11-09T16:09:04,408,404,35,28.6,27.0
2020-11-09T16:09:14,408,404,35,28.6,27.0
2020-11-09T16:09:24,413,401,35,28.6,27.0
2020-11-09T16:09:34,408,402,35,28.6,27.0
2020-11-09T16:09:44,413,401,35,28.7,27.0
2020-11-09T16:09:54,421,400,35,28.7,27.0
2020-11-09T16:10:04,417,400,35,28.7,27.0
2020-11-09T16:10:14,425,402,35,28.7,27.0
2020-11-09T16:10:24,421,402,35,28.7,27.0
2020-11-09T16:10:34,448,404,35,28.7,27.0
2020-11-09T16:10:44,463,402,35,28.7,27.0
2020-11-09T16:10:54,452,402,35,28.7,27.0
2020-11-09T16:11:04,448,400,35,28.7,27.0
2020-11-09T16:11:14,442,403,35,28.8,27.0
2020-11-09T16:11:24,433,404,35,28.8,27.0
2020-11-09T16:11:34,454,400,35,28.8,27.0
2020-11-09T16:11:44,454,400,35,28.8,27.0
2020-11-09T16:11:54,461,400,35,28.8,27.0
2020-11-09T16:12:04,428,403,34,28.8,27.0
2020-11-09T16:12:14,415,401,34,28.8,27.0
2020-11-09T16:12:24,433,403,35,28.8,27.0
2020-11-09T16:12:34,438,400,35,28.8,27.0
2020-11-09T16:12:44,446,400,35,28.8,27.0
2020-11-09T16:12:54,422,401,34,28.8,27.0
2020-11-09T16:13:04,433,401,35,28.8,27.0
2020-11-09T16:13:14,417,402,35,28.8,27.0
2020-11-09T16:13:24,422,400,35,28.8,27.0
2020-11-09T16:13:34,417,401,35,28.7,27.0
2020-11-09T16:13:44,456,401,35,28.7,27.0
2020-11-09T16:13:54,442,400,35,28.7,27.0
2020-11-09T16:14:04,439,403,35,28.7,27.0
2020-11-09T16:14:14,448,400,35,28.7,27.0
2020-11-09T16:14:24,473,403,35,28.7,27.0
2020-11-09T16:14:34,477,404,35,28.7,27.0
2020-11-09T16:14:44,527,402,35,28.7,27.0
2020-11-09T16:14:54,481,400,35,28.7,27.0
2020-11-09T16:15:04,477,402,35,28.7,27.0
2020-11-09T16:15:14,465,404,35,28.7,27.0
2020-11-09T16:15:24,482,404,35,28.8,27.0
2020-11-09T16:15:34,445,403,35,28.8,27.0
2020-11-09T16:15:44,433,400,35,28.7,27.0
2020-11-09T16:15:54,477,404,35,28.7,27.0
2020-11-09T16:16:04,475,403,35,28.7,27.0
2020-11-09T16:16:14,473,404,35,28.7,27.0
2020-11-09T16:16:24,488,402,35,28.7,27.0
2020-11-09T16:16:34,466,401,35,28.7,27.0
2020-11-09T16:16:44,482,402,35,28.7,27.0
2020-11-09T16:16:54,473,404,35,28.8,27.0
2020-11-09T16:17:04,438,402,35,28.8,27.0
2020-11-09T16:17:14,406,400,34,28.8,27.0
2020-11-09T16:17:24,433,400,35,28.8,27.0
2020-11-09T16:17:34,417,403,34,28.8,27.0
2020-11-09T16:17:44,425,402,35,28.7,27.0
2020-11-09T16:17:54,448,403,35,28.7,27.0
2020-11-09T16:18:04,427,400,35,28.7,27.0
2020-11-09T16:18:14,448,404,35,28.7,27.0
2020-11-09T16:18:24,448,402,35,28.7,27.0
2020-11-09T16:18:34,432,404,35,28.7,27.0
2020-11-09T16:18:44,417,400,35,28.7,27.0
2020-11-09T16:18:54,427,402,35,28.7,27.0
2020-11-09T16:19:04,427,402,35,28.7,27.0
2020-11-09T16:19:14,442,400,35,28.7,27.0
2020-11-09T16:19:24,427,401,35,28.7,27.0
2020-11-09T16:19:34,424,400,35,28.7,27.0
2020-11-09T16:19:44,424,402,35,28.7,27.0
2020-11-09T16:19:54,439,401,35,28.7,27.0
2020-11-09T16:20:04,442,400,35,28.7,27.0
2020-11-09T16:20:14,448,404,35,28.7,27.0
2020-11-09T16:20:24,442,403,35,28.7,27.0
2020-11-09T16:20:34,451,404,35,28.7,27.0
2020-11-09T16:20:44,442,402,35,28.7,27.0
2020-11-09T16:20:54,434,402,35,28.7,27.0
2020-11-09T16:21:04,448,404,35,28.7,27.0
2020-11-09T16:21:14,427,400,35,28.8,27.0
2020-11-09T16:21:24,400,400,34,28.8,27.0
2020-11-09T16:21:34,413,400,34,28.8,27.0
2020-11-09T16:21:44,427,400,35,28.8,27.0
2020-11-09T16:21:54,436,400,34,28.8,27.0
2020-11-09T16:22:04,416,404,34,28.8,27.0
2020-11-09T16:22:14,421,402,34,28.8,27.0
2020-11-09T16:22:24,439,402,34,28.8,27.0
2020-11-09T16:22:34,416,402,34,28.8,27.0
2020-11-09T16:22:44,425,402,34,28.8,27.0
2020-11-09T16:22:54,421,404,34,28.8,27.0
2020-11-09T16:23:04,421,402,34,28.8,27.0
2020-11-09T16:23:14,421,402,34,28.8,27.0
2020-11-09T16:23:24,427,402,34,28.8,27.0
2020-11-09T16:23:34,447,401,35,28.8,27.0
2020-11-09T16:23:44,439,401,35,28.8,27.0
2020-11-09T16:23:54,439,403,34,28.8,27.0
2020-11-09T16:24:04,444,404,34,28.8,27.0
2020-11-09T16:24:14,447,400,34,28.8,27.0
2020-11-09T16:24:24,491,401,35,28.8,27.0
2020-11-09T16:24:34,476,403,35,28.8,27.0
2020-11-09T16:24:44,485,400,35,28.8,27.0
2020-11-09T16:24:54,495,404,35,28.8,27.0
2020-11-09T16:25:04,518,400,35,28.8,27.0
2020-11-09T16:25:14,518,400,35,28.8,27.0
2020-11-09T16:25:24,505,400,35,28.8,27.0
2020-11-09T16:25:34,527,402,35,28.8,27.0
2020-11-09T16:25:44,530,400,35,28.8,27.0
2020-11-09T16:25:54,530,403,35,28.8,27.0
2020-11-09T16:26:04,536,400,35,28.8,27.0
2020-11-09T16:26:14,527,404,35,28.8,27.0
2020-11-09T16:26:24,551,402,35,28.8,27.0
2020-11-09T16:26:34,561,400,35,28.8,27.0
2020-11-09T16:26:44,527,402,35,28.8,27.0
2020-11-09T16:26:54,530,403,35,28.8,27.0
2020-11-09T16:27:04,551,403,35,28.8,27.0
2020-11-09T16:27:14,533,400,35,28.8,27.0
2020-11-09T16:27:24,551,402,35,28.8,27.0
2020-11-09T16:27:34,536,403,35,28.8,27.0
2020-11-09T16:27:44,505,403,34,28.8,27.0
2020-11-09T16:27:54,536,401,34,28.8,27.0
2020-11-09T16:28:04,536,403,34,28.8,27.0
2020-11-09T16:28:14,551,402,35,28.8,27.0
2020-11-09T16:28:24,551,404,34,28.8,27.0
2020-11-09T16:28:34,508,403,34,28.8,27.0
2020-11-09T16:28:44,551,403,35,28.8,27.0
2020-11-09T16:28:54,518,401,34,28.8,27.0
2020-11-09T16:29:04,527,402,34,28.8,27.0
2020-11-09T16:29:14,553,400,35,28.8,27.0
2020-11-09T16:29:24,527,400,34,28.8,27.0
2020-11-09T16:29:34,508,400,34,28.8,27.0
2020-11-09T16:29:44,518,401,34,28.9,27.0
2020-11-09T16:29:54,527,404,34,28.9,27.0
2020-11-09T16:30:04,527,404,34,28.9,27.0
2020-11-09T16:30:14,527,400,34,28.8,27.0
2020-11-09T16:30:24,505,400,34,28.9,27.0
2020-11-09T16:30:34,498,402,34,28.9,27.0
2020-11-09T16:30:44,508,400,34,28.9,27.0
2020-11-09T16:30:54,502,402,34,28.9,27.0
2020-11-09T16:31:04,502,401,34,28.9,27.0
2020-11-09T16:31:14,536,401,34,28.8,27.0
2020-11-09T16:31:24,495,404,34,28.8,27.0
2020-11-09T16:31:34,498,401,34,28.8,27.0
2020-11-09T16:31:44,493,401,34,28.8,27.0
2020-11-09T16:31:54,477,403,34,28.8,27.0
2020-11-09T16:32:04,455,404,34,28.8,27.0
2020-11-09T16:32:14,451,401,34,28.8,27.0
2020-11-09T16:32:24,436,400,34,28.8,27.0
2020-11-09T16:32:34,415,400,34,28.9,27.0
2020-11-09T16:32:44,406,402,34,28.9,27.0
2020-11-09T16:32:54,423,401,34,28.8,27.0
2020-11-09T16:33:04,444,403,34,28.8,27.0
2020-11-09T16:33:14,455,400,34,28.8,27.0
2020-11-09T16:33:24,444,400,34,28.8,27.0
2020-11-09T16:33:34,455,400,34,28.8,27.0
2020-11-09T16:33:44,444,401,34,28.8,27.0
2020-11-09T16:33:54,420,402,34,28.8,27.0
2020-11-09T16:34:04,415,404,34,28.7,27.0
2020-11-09T16:34:14,428,402,34,28.7,27.0
2020-11-09T16:34:24,422,404,34,28.7,27.0
2020-11-09T16:34:34,417,403,34,28.7,27.0
2020-11-09T16:34:44,403,403,34,28.7,27.0
2020-11-09T16:34:54,422,403,34,28.7,27.0
2020-11-09T16:35:04,454,403,34,28.7,27.0
2020-11-09T16:35:14,417,403,34,28.7,27.0
2020-11-09T16:35:24,410,400,34,28.7,27.0
2020-11-09T16:35:34,400,403,34,28.7,27.0
2020-11-09T16:35:44,409,402,34,28.8,27.0
2020-11-09T16:35:54,422,400,34,28.8,27.0
2020-11-09T16:36:04,428,402,34,28.8,27.0
2020-11-09T16:36:14,422,402,34,28.8,27.0
2020-11-09T16:36:24,413,401,34,28.8,27.0
2020-11-09T16:36:34,405,402,34,28.8,27.0
2020-11-09T16:36:44,403,400,34,28.8,27.0
2020-11-09T16:36:54,406,401,34,28.8,27.0
2020-11-09T16:37:04,425,400,34,28.8,27.0
2020-11-09T16:37:14,413,400,34,28.8,27.0
2020-11-09T16:37:24,408,403,34,28.8,27.0
2020-11-09T16:37:34,435,401,34,28.8,27.0
2020-11-09T16:37:44,421,400,34,28.8,27.0
2020-11-09T16:37:54,425,400,34,28.8,27.0
2020-11-09T16:38:04,417,400,34,28.8,27.0
2020-11-09T16:38:14,408,400,34,28.7,27.0
2020-11-09T16:38:24,460,402,34,28.7,27.0
2020-11-09T16:38:34,472,400,34,28.8,27.0
2020-11-09T16:38:44,459,400,34,28.7,27.0
2020-11-09T16:38:54,485,400,34,28.7,27.0
2020-11-09T16:39:04,480,401,34,28.7,27.0
2020-11-09T16:39:14,477,404,34,28.7,27.0
2020-11-09T16:39:24,455,402,34,28.7,27.0
2020-11-09T16:39:34,455,402,34,28.7,27.0
2020-11-09T16:39:44,442,404,34,28.7,27.0
2020-11-09T16:39:54,442,403,34,28.7,27.0
2020-11-09T16:40:04,460,402,34,28.8,27.0
2020-11-09T16:40:14,425,400,34,28.7,27.0
2020-11-09T16:40:24,451,400,34,28.8,27.0
2020-11-09T16:40:34,421,402,34,28.8,27.0
2020-11-09T16:40:44,417,402,34,28.8,27.0
2020-11-09T16:40:54,425,404,34,28.8,27.0
2020-11-09T16:41:04,417,401,34,28.8,27.0
2020-11-09T16:41:14,425,402,34,28.8,27.0
2020-11-09T16:41:24,427,403,34,28.8,27.0
2020-11-09T16:41:34,459,401,34,28.8,27.0
2020-11-09T16:41:44,454,402,34,28.8,27.0
2020-11-09T16:41:54,448,402,34,28.7,27.0
2020-11-09T16:42:04,500,401,34,28.7,27.0
2020-11-09T16:42:14,496,404,34,28.7,27.0
2020-11-09T16:42:24,519,401,34,28.7,27.0
2020-11-09T16:42:34,519,401,34,28.7,27.0
2020-11-09T16:42:44,482,402,34,28.7,27.0
2020-11-09T16:42:54,480,400,34,28.7,27.0
2020-11-09T16:43:04,496,401,34,28.7,27.0
2020-11-09T16:43:14,472,404,34,28.7,27.0
2020-11-09T16:43:24,496,404,34,28.7,27.0
2020-11-09T16:43:34,491,404,34,28.7,27.0
2020-11-09T16:43:44,472,400,34,28.7,27.0
2020-11-09T16:43:54,472,403,34,28.7,27.0
2020-11-09T16:44:04,496,401,34,28.7,27.0
2020-11-09T16:44:14,519,400,34,28.8,27.0
2020-11-09T16:44:24,478,400,34,28.7,27.0
2020-11-09T16:44:34,487,402,34,28.7,27.0
2020-11-09T16:44:44,480,400,34,28.7,27.0
2020-11-09T16:44:54,496,403,34,28.7,27.0
2020-11-09T16:45:04,477,404,34,28.7,27.0
2020-11-09T16:45:14,460,400,34,28.7,27.0
2020-11-09T16:45:24,496,403,34,28.7,27.0
2020-11-09T16:45:34,506,403,34,28.7,27.0
2020-11-09T16:45:44,477,401,34,28.7,27.0
2020-11-09T16:45:54,496,401,34,28.7,27.0
2020-11-09T16:46:04,466,400,34,28.7,27.0
2020-11-09T16:46:14,500,401,34,28.7,27.0
2020-11-09T16:46:24,492,402,34,28.7,27.0
2020-11-09T16:46:34,462,401,34,28.6,27.0
2020-11-09T16:46:44,439,400,34,28.7,27.0
2020-11-09T16:46:54,428,403,34,28.7,27.0
2020-11-09T16:47:04,428,404,34,28.7,27.0
2020-11-09T16:47:14,434,404,34,28.7,27.0
2020-11-09T16:47:24,444,400,34,28.6,27.0
2020-11-09T16:47:34,466,400,34,28.7,27.0
2020-11-09T16:47:44,455,403,34,28.6,27.0
2020-11-09T16:47:54,477,401,34,28.6,27.0
2020-11-09T16:48:04,472,401,34,28.7,27.0
2020-11-09T16:48:14,444,401,34,28.6,27.0
2020-11-09T16:48:24,439,401,34,28.6,27.0
2020-11-09T16:48:34,424,402,34,28.6,27.0
2020-11-09T16:48:44,413,401,34,28.6,27.0
2020-11-09T16:48:54,422,401,34,28.6,27.0
2020-11-09T16:49:04,434,403,34,28.6,27.0
2020-11-09T16:49:14,417,404,34,28.6,27.0
2020-11-09T16:49:24,413,403,34,28.7,27.0
2020-11-09T16:49:34,452,401,34,28.7,27.0
2020-11-09T16:49:44,466,403,34,28.7,27.0
2020-11-09T16:49:54,462,401,34,28.7,27.0
2020-11-09T16:50:04,439,401,34,28.7,27.0
2020-11-09T16:50:14,439,402,34,28.7,27.0
2020-11-09T16:50:24,447,400,34,28.7,27.0
2020-11-09T16:50:34,472,404,35,28.7,27.0
2020-11-09T16:50:44,455,404,34,28.7,27.0
2020-11-09T16:50:54,487,403,34,28.7,27.0
2020-11-09T16:51:04,462,400,34,28.7,27.0
2020-11-09T16:51:14,462,403,34,28.7,27.0
2020-11-09T16:51:24,462,400,34,28.7,27.0
2020-11-09T16:51:34,447,402,34,28.7,27.0
2020-11-09T16:51:44,439,404,34,28.7,27.0
2020-11-09T16:51:54,462,402,35,28.7,27.0
2020-11-09T16:52:04,455,401,34,28.7,27.0
2020-11-09T16:52:14,477,404,35,28.7,27.0
2020-11-09T16:52:24,482,404,35,28.7,27.0
2020-11-09T16:52:34,506,400,35,28.7,27.0
2020-11-09T16:52:44,523,403,35,28.7,27.0
2020-11-09T16:52:54,492,402,35,28.7,27.0
2020-11-09T16:53:04,482,402,34,28.7,27.0
2020-11-09T16:53:14,487,400,35,28.7,27.0
2020-11-09T16:53:24,455,403,34,28.7,27.0
2020-11-09T16:53:34,462,400,34,28.7,27.0
2020-11-09T16:53:44,455,404,34,28.7,27.0
2020-11-09T16:53:54,455,400,34,28.7,27.0
2020-11-09T16:54:04,455,404,34,28.7,27.0
2020-11-09T16:54:14,447,402,34,28.7,27.0
2020-11-09T16:54:24,447,402,34,28.7,27.0
2020-11-09T16:54:34,447,402,34,28.7,27.0
2020-11-09T16:54:44,466,403,35,28.7,27.0
2020-11-09T16:54:54,487,404,35,28.7,27.0
2020-11-09T16:55:04,472,404,35,28.7,27.0
2020-11-09T16:55:14,482,402,35,28.7,27.0
2020-11-09T16:55:24,477,403,35,28.7,27.0
2020-11-09T16:55:34,506,404,35,28.7,27.0
2020-11-09T16:55:44,497,404,35,28.7,27.0
2020-11-09T16:55:54,482,403,34,28.7,27.0
2020-11-09T16:56:04,526,402,35,28.7,27.0
2020-11-09T16:56:14,548,404,35,28.7,27.0
2020-11-09T16:56:24,574,400,35,28.7,27.0
2020-11-09T16:56:34,565,404,35,28.7,27.0
2020-11-09T16:56:44,539,401,35,28.7,27.0
2020-11-09T16:56:54,534,401,35,28.6,27.0
2020-11-09T16:57:04,534,402,35,28.7,27.0
2020-11-09T16:57:14,506,401,35,28.6,27.0
2020-11-09T16:57:24,502,404,35,28.6,27.0
2020-11-09T16:57:34,517,404,35,28.6,27.0
2020-11-09T16:57:44,517,401,35,28.6,27.0
2020-11-09T16:57:54,483,401,35,28.6,27.0
2020-11-09T16:58:04,492,402,35,28.6,27.0
2020-11-09T16:58:14,498,401,35,28.6,27.0
2020-11-09T16:58:24,498,404,35,28.6,27.0
2020-11-09T16:58:34,526,401,35,28.6,27.0
2020-11-09T16:58:44,517,404,35,28.7,27.0
2020-11-09T16:58:54,517,402,35,28.7,27.0
2020-11-09T16:59:04,503,402,35,28.7,27.0
2020-11-09T16:59:14,526,403,35,28.7,27.0
2020-11-09T16:59:24,577,401,35,28.7,27.0
2020-11-09T16:59:34,565,401,35,28.7,27.0
2020-11-09T16:59:44,556,400,35,28.7,27.0
2020-11-09T16:59:54,526,400,35,28.7,27.0
2020-11-09T17:00:04,517,403,35,28.7,27.0
2020-11-09T17:00:14,534,400,35,28.7,27.0
2020-11-09T17:00:24,548,400,35,28.7,27.0
2020-11-09T17:00:34,539,403,35,28.7,27.0
2020-11-09T17:00:44,543,403,35,28.7,27.0
2020-11-09T17:00:54,537,404,35,28.7,27.0
2020-11-09T17:01:04,537,401,35,28.7,27.0
2020-11-09T17:01:14,526,404,35,28.7,27.0
2020-11-09T17:01:24,502,400,35,28.7,27.0
2020-11-09T17:01:34,487,404,35,28.7,27.0
2020-11-09T17:01:44,482,404,34,28.7,27.0
2020-11-09T17:01:54,482,401,35,28.7,27.0
2020-11-09T17:02:04,497,403,35,28.7,27.0
2020-11-09T17:02:14,497,401,35,28.7,27.0
2020-11-09T17:02:24,534,401,35,28.7,27.0
2020-11-09T17:02:34,514,403,35,28.7,27.0
2020-11-09T17:02:44,523,400,35,28.7,27.0
2020-11-09T17:02:54,497,404,35,28.7,27.0
2020-11-09T17:03:04,543,403,35,28.6,27.0
2020-11-09T17:03:14,534,404,35,28.6,27.0
2020-11-09T17:03:24,539,402,35,28.6,27.0
2020-11-09T17:03:34,577,401,35,28.6,27.0
2020-11-09T17:03:44,556,400,35,28.6,27.0
2020-11-09T17:03:54,565,404,35,28.6,27.0
2020-11-09T17:04:04,556,401,35,28.6,27.0
2020-11-09T17:04:14,539,404,35,28.6,27.0
2020-11-09T17:04:24,529,401,35,28.6,27.0
2020-11-09T17:04:34,534,404,35,28.6,27.0
2020-11-09T17:04:44,517,401,35,28.6,27.0
2020-11-09T17:04:54,526,402,35,28.6,27.0
2020-11-09T17:05:04,537,404,35,28.6,27.0
2020-11-09T17:05:14,565,403,35,28.6,27.0
2020-11-09T17:05:24,565,400,35,28.6,27.0
2020-11-09T17:05:34,572,403,35,28.6,27.0
2020-11-09T17:05:44,572,402,35,28.6,27.0
2020-11-09T17:05:54,552,402,35,28.6,27.0
2020-11-09T17:06:04,564,404,35,28.6,27.0
2020-11-09T17:06:14,555,404,35,28.6,27.0
2020-11-09T17:06:24,555,400,35,28.6,27.0
2020-11-09T17:06:34,574,401,35,28.7,27.0
2020-11-09T17:06:44,552,401,35,28.7,27.0
2020-11-09T17:06:54,529,404,35,28.7,27.0
2020-11-09T17:07:04,548,401,35,28.7,27.0
2020-11-09T17:07:14,537,404,35,28.7,27.0
2020-11-09T17:07:24,523,404,35,28.7,27.0
2020-11-09T17:07:34,526,401,35,28.7,27.0
2020-11-09T17:07:44,543,401,35,28.7,27.0
2020-11-09T17:07:54,548,402,35,28.7,27.0
2020-11-09T17:08:04,534,402,35,28.7,27.0
2020-11-09T17:08:14,523,403,35,28.7,27.0
2020-11-09T17:08:24,506,400,35,28.7,27.0
2020-11-09T17:08:34,502,400,35,28.7,27.0
2020-11-09T17:08:44,497,402,35,28.7,27.0
2020-11-09T17:08:54,497,402,35,28.7,27.0
2020-11-09T17:09:04,497,401,35,28.7,27.0
2020-11-09T17:09:14,526,402,35,28.7,27.0
2020-11-09T17:09:24,497,404,35,28.6,27.0
2020-11-09T17:09:34,526,403,35,28.6,27.0
2020-11-09T17:09:44,526,403,35,28.6,27.0
2020-11-09T17:09:54,548,401,35,28.6,27.0
2020-11-09T17:10:04,517,401,35,28.6,27.0
2020-11-09T17:10:14,537,403,35,28.6,27.0
2020-11-09T17:10:24,537,404,35,28.6,27.0
2020-11-09T17:10:34,537,402,35,28.6,27.0
2020-11-09T17:10:44,534,402,35,28.6,27.0
2020-11-09T17:10:54,548,401,35,28.7,27.0
2020-11-09T17:11:04,555,403,35,28.6,27.0
2020-11-09T17:11:14,537,404,35,28.7,27.0
2020-11-09T17:11:24,534,402,35,28.6,27.0
2020-11-09T17:11:34,526,404,35,28.6,27.0
2020-11-09T17:11:44,534,403,35,28.6,27.0
2020-11-09T17:11:54,526,403,35,28.7,27.0
2020-11-09T17:12:04,523,402,35,28.7,27.0
2020-11-09T17:12:14,506,400,35,28.7,27.0
2020-11-09T17:12:24,517,402,35,28.7,27.0
2020-11-09T17:12:34,506,401,35,28.7,27.0
2020-11-09T17:12:44,506,403,35,28.7,27.0
2020-11-09T17:12:54,497,400,35,28.7,27.0
2020-11-09T17:13:04,497,402,35,28.7,27.0
2020-11-09T17:13:14,492,402,34,28.7,27.0
2020-11-09T17:13:24,487,403,34,28.7,27.0
2020-11-09T17:13:34,477,401,34,28.7,27.0
2020-11-09T17:13:44,466,404,34,28.7,27.0
2020-11-09T17:13:54,482,403,34,28.7,27.0
2020-11-09T17:14:04,497,404,34,28.7,27.0
2020-11-09T17:14:14,472,403,34,28.7,27.0
2020-11-09T17:14:24,534,401,35,28.7,27.0
2020-11-09T17:14:34,526,404,35,28.7,27.0
2020-11-09T17:14:44,537,401,35,28.7,27.0
2020-11-09T17:14:54,548,402,35,28.7,27.0
2020-11-09T17:15:04,526,400,34,28.7,27.0
2020-11-09T17:15:14,523,403,35,28.7,27.0
2020-11-09T17:15:24,534,403,35,28.7,27.0
2020-11-09T17:15:34,537,404,35,28.6,27.0
2020-11-09T17:15:44,526,401,35,28.6,27.0
2020-11-09T17:15:54,506,402,35,28.6,27.0
2020-11-09T17:16:04,506,400,35,28.6,27.0
2020-11-09T17:16:14,506,402,35,28.6,27.0
2020-11-09T17:16:24,502,400,35,28.6,27.0
2020-11-09T17:16:34,492,400,35,28.6,27.0
2020-11-09T17:16:44,482,403,34,28.6,27.0
2020-11-09T17:16:54,472,400,34,28.7,27.0
2020-11-09T17:17:04,462,401,34,28.7,27.0
2020-11-09T17:17:14,492,401,35,28.7,27.0
2020-11-09T17:17:24,482,402,34,28.7,27.0
2020-11-09T17:17:34,466,402,34,28.7,27.0
2020-11-09T17:17:44,506,401,35,28.7,27.0
2020-11-09T17:17:54,492,400,35,28.7,27.0
2020-11-09T17:18:04,492,400,35,28.6,27.0
2020-11-09T17:18:14,492,400,34,28.6,27.0
2020-11-09T17:18:24,502,400,35,28.6,27.0
2020-11-09T17:18:34,526,404,35,28.6,27.0
2020-11-09T17:18:44,537,400,35,28.6,27.0
2020-11-09T17:18:54,548,401,35,28.6,27.0
2020-11-09T17:19:04,526,404,35,28.6,27.0
2020-11-09T17:19:14,517,402,35,28.6,27.0
2020-11-09T17:19:24,506,403,35,28.6,27.0
2020-11-09T17:19:34,548,403,35,28.6,27.0
2020-11-09T17:19:44,523,400,34,28.6,27.0
2020-11-09T17:19:54,506,401,34,28.6,27.0
2020-11-09T17:20:04,502,404,34,28.7,27.0
2020-11-09T17:20:14,487,402,34,28.7,27.0
2020-11-09T17:20:24,482,401,34,28.7,27.0
2020-11-09T17:20:34,466,401,34,28.7,27.0
2020-11-09T17:20:44,466,404,34,28.7,27.0
2020-11-09T17:20:54,455,403,34,28.7,27.0
2020-11-09T17:21:04,482,400,34,28.7,27.0
2020-11-09T17:21:14,466,400,34,28.6,27.0
2020-11-09T17:21:24,466,400,34,28.6,27.0
2020-11-09T17:21:34,455,402,34,28.6,27.0
2020-11-09T17:21:44,472,401,34,28.6,27.0
2020-11-09T17:21:54,455,401,34,28.6,27.0
2020-11-09T17:22:04,472,404,34,28.6,27.0
2020-11-09T17:22:14,466,401,34,28.6,27.0
2020-11-09T17:22:24,455,402,34,28.6,27.0
2020-11-09T17:22:34,466,400,34,28.6,27.0
2020-11-09T17:22:44,439,403,34,28.6,27.0
2020-11-09T17:22:54,433,404,34,28.6,27.0
2020-11-09T17:23:04,428,401,34,28.6,27.0
2020-11-09T17:23:14,428,403,34,28.6,27.0
2020-11-09T17:23:24,422,401,34,28.6,27.0
2020-11-09T17:23:34,427,404,34,28.6,27.0
2020-11-09T17:23:44,422,403,34,28.6,27.0
2020-11-09T17:23:54,427,400,34,28.6,27.0
2020-11-09T17:24:04,422,402,34,28.6,27.0
2020-11-09T17:24:14,417,401,34,28.6,27.0
2020-11-09T17:24:24,420,402,34,28.6,27.0
2020-11-09T17:24:34,408,403,34,28.6,27.0
2020-11-09T17:24:44,411,402,34,28.6,27.0
2020-11-09T17:24:54,416,400,34,28.6,27.0
2020-11-09T17:25:04,420,400,34,28.6,27.0
2020-11-09T17:25:14,402,400,34,28.6,27.0
2020-11-09T17:25:24,400,401,34,28.6,27.0
2020-11-09T17:25:34,405,404,34,28.6,27.0
2020-11-09T17:25:44,434,401,34,28.6,27.0
2020-11-09T17:25:54,407,403,34,28.7,27.0
2020-11-09T17:26:04,434,402,34,28.6,27.0
2020-11-09T17:26:14,434,402,34,28.6,27.0
2020-11-09T17:26:24,434,401,34,28.6,27.0
2020-11-09T17:26:34,442,404,34,28.6,27.0
2020-11-09T17:26:44,432,403,34,28.6,27.0
2020-11-09T17:26:54,439,402,34,28.6,27.0
2020-11-09T17:27:04,439,401,34,28.6,27.0
2020-11-09T17:27:14,445,400,34,28.6,27.0
2020-11-09T17:27:24,442,403,34,28.6,27.0
2020-11-09T17:27:34,420,404,34,28.6,27.0
2020-11-09T17:27:44,407,404,34,28.6,27.0
2020-11-09T17:27:54,407,404,34,28.6,27.0
2020-11-09T17:28:04,407,401,34,28.6,27.0
2020-11-09T17:28:14,400,403,34,28.6,27.0
2020-11-09T17:28:24,400,403,34,28.6,27.0
2020-11-09T17:28:34,417,404,34,28.6,27.0
2020-11-09T17:28:44,457,404,34,28.6,27.0
2020-11-09T17:28:54,473,402,34,28.6,27.0
2020-11-09T17:29:04,465,401,34,28.6,27.0
2020-11-09T17:29:14,461,402,34,28.6,27.0
2020-11-09T17:29:24,452,403,34,28.6,27.0
2020-11-09T17:29:34,476,400,34,28.6,27.0
2020-11-09T17:29:44,485,401,34,28.6,27.0
2020-11-09T17:29:54,450,401,34,28.6,27.0
2020-11-09T17:30:04,447,402,34,28.6,27.0
2020-11-09T17:30:14,463,402,34,28.6,27.0
2020-11-09T17:30:24,436,401,34,28.6,27.0
2020-11-09T17:30:34,426,402,34,28.5,27.0
2020-11-09T17:30:44,415,403,34,28.5,27.0
2020-11-09T17:30:54,421,400,34,28.5,27.0
2020-11-09T17:31:04,421,400,34,28.5,27.0
2020-11-09T17:31:14,426,400,34,28.5,27.0
2020-11-09T17:31:24,421,403,34,28.5,27.0
2020-11-09T17:31:34,417,400,34,28.5,27.0
2020-11-09T17:31:44,421,400,34,28.5,27.0
2020-11-09T17:31:54,421,401,34,28.6,27.0
2020-11-09T17:32:04,461,403,34,28.6,27.0
2020-11-09T17:32:14,473,400,34,28.6,27.0
2020-11-09T17:32:24,477,400,34,28.6,27.0
2020-11-09T17:32:34,501,403,34,28.6,27.0
2020-11-09T17:32:44,498,400,34,28.6,27.0
2020-11-09T17:32:54,482,403,34,28.6,27.0
2020-11-09T17:33:04,473,402,34,28.6,27.0
2020-11-09T17:33:14,461,402,34,28.6,27.0
2020-11-09T17:33:24,461,404,34,28.6,27.0
2020-11-09T17:33:34,452,403,34,28.5,27.0
2020-11-09T17:33:44,445,401,34,28.5,27.0
2020-11-09T17:33:54,436,401,34,28.6,27.0
2020-11-09T17:34:04,456,404,34,28.6,27.0
2020-11-09T17:34:14,445,402,34,28.6,27.0
2020-11-09T17:34:24,432,401,34,28.5,27.0
2020-11-09T17:34:34,436,400,34,28.5,27.0
2020-11-09T17:34:44,436,400,35,28.5,27.0
2020-11-09T17:34:54,436,403,35,28.6,27.0
2020-11-09T17:35:04,461,401,35,28.6,27.0
2020-11-09T17:35:14,493,403,35,28.6,27.0
2020-11-09T17:35:24,498,401,35,28.6,27.0
2020-11-09T17:35:34,501,400,35,28.6,27.0
2020-11-09T17:35:44,517,402,35,28.6,27.0
2020-11-09T17:35:54,527,402,35,28.6,27.0
2020-11-09T17:36:04,501,402,35,28.6,27.0
2020-11-09T17:36:14,517,400,35,28.6,27.0
2020-11-09T17:36:24,506,402,35,28.6,27.0
2020-11-09T17:36:34,485,404,35,28.6,27.0
2020-11-09T17:36:44,485,404,35,28.6,27.0
2020-11-09T17:36:54,493,400,35,28.6,27.0
2020-11-09T17:37:04,465,401,34,28.6,27.0
2020-11-09T17:37:14,456,401,35,28.6,27.0
2020-11-09T17:37:24,473,401,35,28.6,27.0
2020-11-09T17:37:34,517,400,35,28.6,27.0
2020-11-09T17:37:44,517,402,35,28.5,27.0
2020-11-09T17:37:54,527,402,35,28.5,27.0
2020-11-09T17:38:04,527,401,35,28.5,27.0
2020-11-09T17:38:14,549,402,35,28.5,27.0
2020-11-09T17:38:24,540,400,35,28.5,27.0
2020-11-09T17:38:34,543,401,35,28.5,27.0
2020-11-09T17:38:44,543,400,35,28.6,27.0
2020-11-09T17:38:54,549,403,35,28.6,27.0
2020-11-09T17:39:04,543,403,35,28.6,27.0
2020-11-09T17:39:14,539,400,35,28.5,27.0
2020-11-09T17:39:24,555,404,35,28.6,27.0
2020-11-09T17:39:34,549,401,35,28.5,27.0
2020-11-09T17:39:44,572,401,35,28.6,27.0
2020-11-09T17:39:54,539,404,35,28.5,27.0
2020-11-09T17:40:04,517,400,35,28.5,27.0
2020-11-09T17:40:14,533,404,35,28.5,27.0
2020-11-09T17:40:24,539,402,35,28.5,27.0
2020-11-09T17:40:34,555,404,35,28.6,27.0
2020-11-09T17:40:44,555,400,35,28.5,27.0
2020-11-09T17:40:54,549,403,35,28.6,27.0
2020-11-09T17:41:04,543,402,35,28.6,27.0
2020-11-09T17:41:14,560,404,35,28.6,27.0
2020-11-09T17:41:24,560,404,35,28.6,27.0
2020-11-09T17:41:34,564,404,35,28.6,27.0
2020-11-09T17:41:44,540,404,35,28.5,27.0
2020-11-09T17:41:54,534,401,35,28.5,27.0
2020-11-09T17:42:04,530,400,35,28.5,27.0
2020-11-09T17:42:14,534,401,35,28.5,27.0
2020-11-09T17:42:24,534,404,35,28.5,27.0
2020-11-09T17:42:34,518,400,35,28.5,27.0
2020-11-09T17:42:44,491,404,35,28.5,27.0
2020-11-09T17:42:54,477,402,35,28.5,27.0
2020-11-09T17:43:04,475,400,35,28.5,27.0
2020-11-09T17:43:14,485,404,35,28.5,27.0
2020-11-09T17:43:24,485,403,35,28.5,27.0
2020-11-09T17:43:34,517,404,35,28.6,27.0
2020-11-09T17:43:44,530,401,35,28.6,27.0
2020-11-09T17:43:54,503,400,35,28.5,27.0
2020-11-09T17:44:04,534,402,35,28.5,27.0
2020-11-09T17:44:14,518,401,35,28.5,27.0
2020-11-09T17:44:24,524,402,35,28.5,27.0
2020-11-09T17:44:34,503,402,35,28.5,27.0
2020-11-09T17:44:44,498,400,35,28.6,27.0
2020-11-09T17:44:54,549,401,35,28.6,27.0
2020-11-09T17:45:04,518,400,35,28.6,27.0
2020-11-09T17:45:14,543,403,35,28.6,27.0
2020-11-09T17:45:24,514,401,35,28.6,27.0
2020-11-09T17:45:34,523,400,35,28.6,27.0
2020-11-09T17:45:44,503,403,35,28.5,27.0
2020-11-09T17:45:54,493,400,35,28.5,27.0
2020-11-09T17:46:04,493,403,35,28.5,27.0
2020-11-09T17:46:14,498,403,35,28.5,27.0
2020-11-09T17:46:24,501,401,35,28.5,27.0
2020-11-09T17:46:34,498,401,35,28.6,27.0
2020-11-09T17:46:44,482,404,35,28.6,27.0
2020-11-09T17:46:54,501,402,35,28.5,27.0
2020-11-09T17:47:04,485,403,35,28.6,27.0
2020-11-09T17:47:14,477,401,35,28.5,27.0
2020-11-09T17:47:24,493,401,35,28.5,27.0
2020-11-09T17:47:34,549,401,35,28.6,27.0
2020-11-09T17:47:44,540,401,35,28.6,27.0
2020-11-09T17:47:54,564,402,35,28.6,27.0
2020-11-09T17:48:04,574,402,35,28.6,27.0
2020-11-09T17:48:14,652,402,35,28.6,27.0
2020-11-09T17:48:44,641,403,35,28.5,27.0
2020-11-09T17:48:54,652,401,35,28.5,27.0
2020-11-09T17:49:04,728,403,35,28.5,27.0
2020-11-09T17:49:14,909,404,35,28.5,27.0
2020-11-09T17:49:24,834,403,35,28.5,27.0
2020-11-09T17:49:34,885,400,35,28.5,27.0
2020-11-09T17:49:44,853,403,36,28.5,27.0
2020-11-09T17:49:54,819,400,36,28.5,27.0
2020-11-09T17:50:04,740,401,36,28.5,27.0
2020-11-09T17:50:14,732,400,36,28.5,27.0
2020-11-09T17:50:24,697,403,36,28.5,27.0
2020-11-09T17:50:34,712,401,36,28.5,27.0
2020-11-09T17:50:44,704,402,36,28.5,27.0
2020-11-09T17:50:54,732,404,36,28.5,27.0
2020-11-09T17:51:04,704,403,35,28.5,27.0
2020-11-09T17:51:14,748,403,35,28.5,27.0
2020-11-09T17:51:24,748,403,35,28.6,27.0
2020-11-09T17:51:34,672,403,35,28.6,27.0
2020-11-09T17:51:44,659,403,35,28.6,27.0
2020-11-09T17:51:54,744,401,35,28.6,27.0
2020-11-09T17:52:04,748,400,35,28.6,27.0
2020-11-09T17:52:14,692,402,35,28.6,27.0
2020-11-09T17:52:24,692,400,35,28.6,27.0
2020-11-09T17:52:34,683,403,35,28.6,27.0
2020-11-09T17:52:44,649,403,35,28.6,27.0
2020-11-09T17:52:54,652,401,35,28.6,27.0
2020-11-09T17:53:04,652,404,35,28.6,27.0
2020-11-09T17:53:14,634,404,35,28.6,27.0
2020-11-09T17:53:24,672,404,35,28.6,27.0
2020-11-09T17:53:34,634,403,35,28.6,27.0
2020-11-09T17:53:44,634,403,35,28.6,27.0
2020-11-09T17:53:54,629,400,35,28.6,27.0
2020-11-09T17:54:04,652,402,35,28.6,27.0
2020-11-09T17:54:14,634,401,35,28.6,27.0
2020-11-09T17:54:24,634,404,35,28.6,27.0
2020-11-09T17:54:34,629,403,35,28.7,27.0
2020-11-09T17:54:44,615,403,35,28.7,27.0
2020-11-09T17:54:54,623,401,35,28.7,27.0
2020-11-09T17:55:04,629,403,35,28.7,27.0
2020-11-09T17:55:14,815,400,35,28.6,27.0
2020-11-09T17:55:24,787,400,35,28.6,27.0
2020-11-09T17:55:34,909,402,35,28.6,27.0
2020-11-09T17:55:44,765,404,35,28.6,27.0
2020-11-09T17:55:54,819,400,35,28.6,27.0
2020-11-09T17:56:04,877,403,35,28.6,27.0
2020-11-09T17:56:14,844,401,35,28.6,27.0
2020-11-09T17:56:24,798,402,35,28.6,27.0
2020-11-09T17:56:34,740,402,35,28.6,27.0
2020-11-09T17:56:44,704,404,35,28.6,27.0
2020-11-09T17:56:54,697,404,35,28.6,27.0
2020-11-09T17:57:04,672,403,35,28.6,27.0
2020-11-09T17:57:14,649,401,35,28.6,27.0
2020-11-09T17:57:24,649,400,35,28.6,27.0
2020-11-09T17:57:34,649,402,35,28.6,27.0
2020-11-09T17:57:44,649,404,35,28.6,27.0
2020-11-09T17:57:54,641,404,35,28.6,27.0
2020-11-09T17:58:04,624,401,35,28.6,27.0
2020-11-09T17:58:14,629,402,35,28.6,27.0
2020-11-09T17:58:24,600,404,35,28.6,27.0
2020-11-09T17:58:34,611,404,35,28.6,27.0
2020-11-09T17:58:44,615,403,35,28.6,27.0
2020-11-09T17:58:54,629,403,35,28.6,27.0
2020-11-09T17:59:04,649,402,35,28.6,27.0
2020-11-09T17:59:14,652,403,35,28.6,27.0
2020-11-09T17:59:24,665,403,35,28.6,27.0
2020-11-09T17:59:34,659,401,35,28.6,27.0
2020-11-09T17:59:44,679,402,35,28.6,27.0
2020-11-09T17:59:54,679,402,35,28.6,27.0
2020-11-09T18:00:04,679,402,35,28.6,27.0
2020-11-09T18:00:14,672,404,35,28.7,27.0
2020-11-09T18:00:24,679,404,35,28.7,27.0
2020-11-09T18:00:34,708,404,35,28.7,27.0
2020-11-09T18:00:44,665,400,35,28.7,27.0
2020-11-09T18:00:54,683,400,35,28.7,27.0
2020-11-09T18:01:04,692,401,35,28.7,27.0
2020-11-09T18:01:14,765,403,35,28.7,27.0
2020-11-09T18:01:24,802,402,35,28.7,27.0
2020-11-09T18:01:34,1150,404,35,28.7,27.0
2020-11-09T18:01:44,940,404,35,28.6,27.0
2020-11-09T18:01:54,877,400,35,28.6,27.0
2020-11-09T18:02:04,834,404,35,28.6,27.0
2020-11-09T18:02:14,844,402,35,28.6,27.0
2020-11-09T18:02:24,834,403,35,28.7,27.0
2020-11-09T18:02:34,972,403,35,28.7,27.0
2020-11-09T18:02:44,1019,400,36,28.7,27.0
2020-11-09T18:02:54,972,403,36,28.7,27.0
2020-11-09T18:03:04,927,402,35,28.7,27.0
2020-11-09T18:03:14,868,401,36,28.7,27.0
2020-11-09T18:03:24,853,404,35,28.7,27.0
2020-11-09T18:03:34,853,402,36,28.7,27.0
2020-11-09T18:03:44,844,404,36,28.7,27.0
2020-11-09T18:03:54,844,403,36,28.7,27.0
2020-11-09T18:04:04,834,401,36,28.7,27.0
2020-11-09T18:04:14,844,400,36,28.7,27.0
2020-11-09T18:04:24,819,402,36,28.7,27.0
2020-11-09T18:04:34,844,403,36,28.7,27.0
2020-11-09T18:04:44,844,403,36,28.7,27.0
2020-11-09T18:04:54,868,400,36,28.7,27.0
2020-11-09T18:05:04,877,404,36,28.7,27.0
2020-11-09T18:05:14,877,400,36,28.7,27.0
2020-11-09T18:05:24,907,404,36,28.7,27.0
2020-11-09T18:05:34,940,401,36,28.7,27.0
2020-11-09T18:05:44,902,401,36,28.7,27.0
2020-11-09T18:05:54,891,401,36,28.7,27.0
2020-11-09T18:06:04,897,403,37,28.7,27.0
2020-11-09T18:06:14,877,401,37,28.7,27.0
2020-11-09T18:06:24,891,400,37,28.7,27.0
2020-11-09T18:06:34,933,402,37,28.7,27.0
2020-11-09T18:06:44,1270,400,36,28.7,27.0
2020-11-09T18:06:54,1400,401,36,28.6,27.0
2020-11-09T18:07:04,1470,404,36,28.6,27.0
2020-11-09T18:07:14,1224,402,37,28.6,27.0
2020-11-09T18:07:24,1041,402,38,28.6,27.0
2020-11-09T18:07:34,1191,402,37,28.6,27.0
2020-11-09T18:07:44,1198,400,37,28.6,27.0
2020-11-09T18:07:54,1356,402,37,28.6,27.0
2020-11-09T18:08:04,1654,403,37,28.6,27.0
2020-11-09T18:08:14,1558,400,37,28.6,27.0
2020-11-09T18:08:24,1245,400,37,28.6,27.0
2020-11-09T18:08:34,1436,404,37,28.6,27.0
2020-11-09T18:08:44,1270,404,37,28.6,27.0
2020-11-09T18:08:54,1074,404,37,28.6,27.0
2020-11-09T18:09:04,1017,403,37,28.6,27.0
2020-11-09T18:09:14,964,400,37,28.6,27.0
2020-11-09T18:09:24,930,400,37,28.6,27.0
2020-11-09T18:09:34,907,400,37,28.6,27.0
2020-11-09T18:09:44,877,402,37,28.6,27.0
2020-11-09T18:09:54,889,400,37,28.6,27.0
2020-11-09T18:10:04,863,404,37,28.6,27.0
2020-11-09T18:10:14,863,403,37,28.6,27.0
2020-11-09T18:10:24,848,401,37,28.6,27.0
2020-11-09T18:10:34,810,404,37,28.6,27.0
2020-11-09T18:10:44,793,403,37,28.6,27.0
2020-11-09T18:10:54,793,403,37,28.6,27.0
2020-11-09T18:11:04,821,400,37,28.6,27.0
2020-11-09T18:11:14,821,404,37,28.6,27.0
2020-11-09T18:11:24,793,404,37,28.6,27.0
2020-11-09T18:11:34,793,402,37,28.6,27.0
2020-11-09T18:11:44,778,402,37,28.6,27.0
2020-11-09T18:11:54,821,402,37,28.6,27.0
2020-11-09T18:12:04,821,401,37,28.6,27.0
2020-11-09T18:12:14,810,401,37,28.6,27.0
2020-11-09T18:12:24,832,401,37,28.6,27.0
2020-11-09T18:12:34,891,400,37,28.5,27.0
2020-11-09T18:12:44,872,400,37,28.5,27.0
2020-11-09T18:12:54,838,404,37,28.5,27.0
2020-11-09T18:13:04,933,401,37,28.5,27.0
2020-11-09T18:13:14,838,403,37,28.5,27.0
2020-11-09T18:13:24,872,404,37,28.5,27.0
2020-11-09T18:13:34,863,403,37,28.5,27.0
2020-11-09T18:13:44,810,404,37,28.5,27.0
2020-11-09T18:13:54,810,404,37,28.5,27.0
2020-11-09T18:14:04,832,402,37,28.5,27.0
2020-11-09T18:14:14,802,401,37,28.5,27.0
2020-11-09T18:14:24,770,402,37,28.5,27.0
2020-11-09T18:14:34,848,402,37,28.5,27.0
2020-11-09T18:14:44,810,402,37,28.5,27.0
2020-11-09T18:14:54,810,402,37,28.5,27.0
2020-11-09T18:15:04,838,402,37,28.5,27.0
2020-11-09T18:15:14,810,403,37,28.5,27.0
2020-11-09T18:15:24,778,400,37,28.5,27.0
2020-11-09T18:15:34,757,401,37,28.5,27.0
2020-11-09T18:15:44,728,402,37,28.4,27.0
2020-11-09T18:15:54,708,403,37,28.4,27.0
2020-11-09T18:16:04,802,402,37,28.4,27.0
2020-11-09T18:16:14,761,401,37,28.4,27.0
2020-11-09T18:16:24,728,403,37,28.4,27.0
2020-11-09T18:16:34,735,402,37,28.4,27.0
2020-11-09T18:16:44,692,401,37,28.4,27.0
2020-11-09T18:16:54,675,401,37,28.4,27.0
2020-11-09T18:17:04,688,400,37,28.4,27.0
2020-11-09T18:17:14,688,404,37,28.4,27.0
2020-11-09T18:17:24,675,401,37,28.4,27.0
2020-11-09T18:17:34,675,400,37,28.4,27.0
2020-11-09T18:17:44,656,402,37,28.4,27.0
2020-11-09T18:17:54,659,403,37,28.4,27.0
2020-11-09T18:18:04,675,403,37,28.4,27.0
2020-11-09T18:18:14,668,404,37,28.4,27.0
2020-11-09T18:18:24,675,400,37,28.4,27.0
2020-11-09T18:18:34,688,401,37,28.4,27.0
2020-11-09T18:18:44,692,400,37,28.5,27.0
2020-11-09T18:18:54,715,400,37,28.5,27.0
2020-11-09T18:19:04,659,400,37,28.5,27.0
2020-11-09T18:19:14,645,404,37,28.5,27.0
2020-11-09T18:19:24,656,403,37,28.5,27.0
2020-11-09T18:19:34,668,403,37,28.5,27.0
2020-11-09T18:19:44,668,404,37,28.5,27.0
2020-11-09T18:19:54,688,401,37,28.5,27.0
2020-11-09T18:20:04,688,401,37,28.5,27.0
2020-11-09T18:20:14,708,400,37,28.5,27.0
2020-11-09T18:20:24,675,402,37,28.5,27.0
2020-11-09T18:20:34,688,402,37,28.5,27.0
2020-11-09T18:20:44,675,402,37,28.5,27.0
2020-11-09T18:20:54,656,402,37,28.5,27.0
2020-11-09T18:21:04,638,403,37,28.5,27.0
2020-11-09T18:21:14,631,404,37,28.5,27.0
2020-11-09T18:21:24,631,403,37,28.5,27.0
2020-11-09T18:21:34,645,404,37,28.5,27.0
2020-11-09T18:21:44,631,404,37,28.5,27.0
2020-11-09T18:21:54,631,402,37,28.5,27.0
2020-11-09T18:22:04,649,400,37,28.5,27.0
2020-11-09T18:22:14,649,401,37,28.5,27.0
2020-11-09T18:22:24,631,401,37,28.5,27.0
2020-11-09T18:22:34,649,403,37,28.5,27.0
2020-11-09T18:22:44,627,402,37,28.5,27.0
2020-11-09T18:22:54,649,402,37,28.5,27.0
2020-11-09T18:23:04,719,401,37,28.5,27.0
2020-11-09T18:23:14,668,400,37,28.5,27.0
2020-11-09T18:23:24,659,402,37,28.5,27.0
2020-11-09T18:23:34,638,400,37,28.5,27.0
2020-11-09T18:23:44,627,404,37,28.4,27.0
2020-11-09T18:23:54,627,400,37,28.4,27.0
2020-11-09T18:24:04,617,402,37,28.4,27.0
2020-11-09T18:24:14,599,402,37,28.4,27.0
2020-11-09T18:24:24,580,403,37,28.4,27.0
2020-11-09T18:24:34,569,402,37,28.4,27.0
2020-11-09T18:24:44,611,401,37,28.4,27.0
2020-11-09T18:24:54,605,404,37,28.4,27.0
2020-11-09T18:25:04,599,401,37,28.4,27.0
2020-11-09T18:25:14,631,404,37,28.4,27.0
2020-11-09T18:25:24,656,401,37,28.4,27.0
2020-11-09T18:25:34,638,401,37,28.4,27.0
2020-11-09T18:25:44,627,400,37,28.4,27.0
2020-11-09T18:25:54,617,402,37,28.4,27.0
2020-11-09T18:26:04,627,400,37,28.4,27.0
2020-11-09T18:26:14,611,401,37,28.4,27.0
2020-11-09T18:26:24,605,400,37,28.4,27.0
2020-11-09T18:26:34,617,403,37,28.4,27.0
2020-11-09T18:26:44,605,400,37,28.4,27.0
2020-11-09T18:26:54,592,402,37,28.4,27.0
2020-11-09T18:27:04,588,404,37,28.4,27.0
2020-11-09T18:27:14,580,402,37,28.4,27.0
2020-11-09T18:27:24,588,402,37,28.4,27.0
2020-11-09T18:27:34,574,404,37,28.4,27.0
2020-11-09T18:27:44,569,402,37,28.4,27.0
2020-11-09T18:27:54,561,402,37,28.4,27.0
2020-11-09T18:28:04,561,404,37,28.4,27.0
2020-11-09T18:28:14,561,402,37,28.4,27.0
2020-11-09T18:28:24,553,404,37,28.4,27.0
2020-11-09T18:28:34,549,403,37,28.4,27.0
2020-11-09T18:28:44,588,403,37,28.4,27.0
2020-11-09T18:28:54,561,403,37,28.4,27.0
2020-11-09T18:29:04,553,402,37,28.4,27.0
2020-11-09T18:29:14,549,400,37,28.4,27.0, brett enters room closes door
2020-11-09T18:29:44,821,402,37,28.4,27.0
2020-11-09T18:29:54,1004,403,37,28.3,27.0
2020-11-09T18:30:04,949,403,37,28.2,27.0
2020-11-09T18:30:14,1081,401,37,28.1,27.0
2020-11-09T18:30:24,4578,404,39,28.0,27.0
2020-11-09T18:30:34,1482,401,38,28.0,27.0
2020-11-09T18:30:44,1423,401,38,28.0,27.0
2020-11-09T18:30:54,1503,404,38,28.0,27.0
2020-11-09T18:31:04,1455,402,38,28.0,27.0
2020-11-09T18:31:14,1466,403,38,28.0,27.0
2020-11-09T18:31:24,1578,404,38,28.0,27.0
2020-11-09T18:31:34,1376,402,38,28.0,27.0
2020-11-09T18:31:44,1334,401,38,28.0,27.0
2020-11-09T18:31:54,1334,403,38,28.0,27.0
2020-11-09T18:32:04,1248,404,38,28.0,27.0
2020-11-09T18:32:14,1146,401,38,28.1,27.0
2020-11-09T18:32:24,1235,400,38,28.1,27.0
2020-11-09T18:32:34,1173,400,38,28.1,27.0
2020-11-09T18:32:44,1376,402,38,28.1,27.0
2020-11-09T18:32:54,1555,400,38,28.1,27.0
2020-11-09T18:33:04,1701,403,38,28.1,27.0
2020-11-09T18:33:14,1846,404,38,28.1,27.0
2020-11-09T18:33:24,1676,403,38,28.1,27.0
2020-11-09T18:33:34,1832,400,38,28.1,27.0
2020-11-09T18:33:44,2014,401,38,28.1,27.0
2020-11-09T18:33:54,2096,402,38,28.1,27.0
2020-11-09T18:34:04,2499,404,38,28.1,27.0
2020-11-09T18:34:14,2409,408,38,28.1,27.0
2020-11-09T18:34:24,2574,412,38,28.1,27.0
2020-11-09T18:34:34,2643,416,38,28.2,27.0
2020-11-09T18:34:44,2674,421,38,28.2,27.0
2020-11-09T18:34:54,2674,425,38,28.2,27.0
2020-11-09T18:35:04,2809,429,38,28.2,27.0
2020-11-09T18:35:14,2845,433,38,28.2,27.0
2020-11-09T18:35:24,2882,435,38,28.2,27.0
2020-11-09T18:35:34,3155,436,38,28.2,27.0
2020-11-09T18:35:44,3243,439,38,28.3,27.0
2020-11-09T18:35:54,3004,443,38,28.3,27.0
2020-11-09T18:36:04,3378,446,38,28.3,27.0
2020-11-09T18:36:14,3290,450,38,28.3,27.0
2020-11-09T18:36:24,3057,454,38,28.3,27.0
2020-11-09T18:36:34,3092,458,38,28.3,27.0
2020-11-09T18:36:44,3191,462,38,28.3,27.0
2020-11-09T18:36:54,3243,465,38,28.3,27.0
2020-11-09T18:37:04,3057,469,38,28.3,27.0
2020-11-09T18:37:14,3290,473,38,28.3,27.0
2020-11-09T18:37:24,3526,477,38,28.3,27.0
2020-11-09T18:37:34,3526,480,38,28.3,27.0
2020-11-09T18:37:44,3430,484,38,28.3,27.0
2020-11-09T18:37:54,3243,488,38,28.4,27.0
2020-11-09T18:38:04,3140,491,38,28.4,27.0
2020-11-09T18:38:14,3489,495,38,28.4,27.0
2020-11-09T18:38:24,3526,498,38,28.4,27.0
2020-11-09T18:38:34,3489,498,38,28.4,27.0
2020-11-09T18:38:44,3489,500,38,28.4,27.0
2020-11-09T18:38:54,3489,501,38,28.4,27.0
2020-11-09T18:39:04,3489,501,38,28.4,27.0
2020-11-09T18:39:14,3642,501,38,28.4,27.0
2020-11-09T18:39:24,3489,501,38,28.4,27.0
2020-11-09T18:39:34,3642,503,38,28.4,27.0
2020-11-09T18:39:44,3430,506,38,28.4,27.0
2020-11-09T18:39:54,3526,511,38,28.4,27.0
2020-11-09T18:40:04,3430,515,38,28.4,27.0
2020-11-09T18:40:14,3430,520,38,28.5,27.0
2020-11-09T18:40:24,3489,523,38,28.5,27.0
2020-11-09T18:40:34,3290,526,38,28.5,27.0
2020-11-09T18:40:44,3324,529,38,28.5,27.0
2020-11-09T18:40:54,3765,533,38,28.5,27.0
2020-11-09T18:41:04,3814,536,38,28.5,27.0
2020-11-09T18:41:14,3937,536,38,28.5,27.0
2020-11-09T18:41:24,3937,539,38,28.5,27.0
2020-11-09T18:41:34,3937,541,38,28.5,27.0
2020-11-09T18:41:44,4194,544,38,28.5,27.0
2020-11-09T18:41:54,4478,547,38,28.5,27.0
2020-11-09T18:42:04,4478,549,38,28.5,27.0
2020-11-09T18:42:14,4617,552,38,28.5,27.0
2020-11-09T18:42:24,4675,554,38,28.5,27.0
2020-11-09T18:42:34,4617,557,38,28.6,27.0
2020-11-09T18:42:44,4925,560,38,28.6,27.0
2020-11-09T18:42:54,5182,564,38,28.6,27.0
2020-11-09T18:43:04,5087,566,38,28.6,27.0
2020-11-09T18:43:14,5003,568,38,28.6,27.0
2020-11-09T18:43:24,5658,571,38,28.6,27.0
2020-11-09T18:43:34,5445,575,38,28.6,27.0
2020-11-09T18:43:44,5762,578,38,28.6,27.0
2020-11-09T18:43:54,5541,582,38,28.6,27.0
2020-11-09T18:44:04,5541,585,38,28.6,27.0
2020-11-09T18:44:14,5658,590,38,28.6,27.0
2020-11-09T18:44:24,5541,593,38,28.6,27.0
2020-11-09T18:44:34,5762,598,38,28.7,27.0
2020-11-09T18:44:44,5658,601,38,28.7,27.0
2020-11-09T18:44:54,5969,605,38,28.6,27.0
2020-11-09T18:45:04,5541,609,38,28.7,27.0
2020-11-09T18:45:14,5969,613,38,28.7,27.0
2020-11-09T18:45:24,5762,616,38,28.7,27.0
2020-11-09T18:45:34,5658,620,38,28.7,27.0
2020-11-09T18:45:44,5856,623,38,28.7,27.0
2020-11-09T18:45:54,5762,624,38,28.7,27.0
2020-11-09T18:46:04,5969,627,38,28.7,27.0
2020-11-09T18:46:14,5856,630,38,28.7,27.0
2020-11-09T18:46:24,6279,633,38,28.7,27.0
2020-11-09T18:46:34,6279,635,38,28.7,27.0
2020-11-09T18:46:44,6183,638,38,28.7,27.0
2020-11-09T18:46:54,5856,640,38,28.7,27.0
2020-11-09T18:47:04,6510,643,38,28.7,27.0
2020-11-09T18:47:14,6279,645,38,28.7,27.0
2020-11-09T18:47:24,6399,647,38,28.7,27.0
2020-11-09T18:47:34,6510,650,38,28.7,27.0
2020-11-09T18:47:44,6399,651,38,28.7,27.0
2020-11-09T18:47:54,6510,654,38,28.7,27.0
2020-11-09T18:48:04,6510,656,38,28.8,27.0
2020-11-09T18:48:14,6381,658,38,28.8,27.0
2020-11-09T18:48:24,6510,659,38,28.8,27.0
2020-11-09T18:48:34,6510,662,38,28.8,27.0
2020-11-09T18:48:44,6510,663,38,28.8,27.0
2020-11-09T18:48:54,6510,666,38,28.8,27.0
2020-11-09T18:49:04,6622,668,38,28.8,27.0
2020-11-09T18:49:14,6622,670,38,28.8,27.0
2020-11-09T18:49:24,6279,673,38,28.8,27.0
2020-11-09T18:49:34,6381,677,38,28.8,27.0
2020-11-09T18:49:44,6510,679,38,28.8,27.0
2020-11-09T18:49:54,6279,682,38,28.8,27.0
2020-11-09T18:50:04,6279,685,38,28.8,27.0
2020-11-09T18:50:14,6381,687,38,28.8,27.0
2020-11-09T18:50:24,6745,689,38,28.8,27.0
2020-11-09T18:50:34,6510,690,38,28.8,27.0
2020-11-09T18:50:44,6745,693,38,28.8,27.0
2020-11-09T18:50:54,6622,693,38,28.8,27.0
2020-11-09T18:51:04,6745,694,38,28.9,27.0
2020-11-09T18:51:14,6381,695,38,28.9,27.0
2020-11-09T18:51:24,6745,696,38,28.9,27.0
2020-11-09T18:51:34,7024,698,38,28.9,27.0
2020-11-09T18:51:44,6622,701,38,28.9,27.0
2020-11-09T18:51:54,6745,701,38,28.9,27.0
2020-11-09T18:52:04,7154,704,38,28.9,27.0
2020-11-09T18:52:14,7384,706,38,28.9,27.0
2020-11-09T18:52:24,7154,707,38,28.9,27.0
2020-11-09T18:52:34,7154,708,38,28.9,27.0
2020-11-09T18:52:44,7154,710,38,28.9,27.0
2020-11-09T18:52:54,7531,712,38,28.9,27.0
2020-11-09T18:53:04,7832,714,38,28.9,27.0
2020-11-09T18:53:14,7531,716,38,28.9,27.0
2020-11-09T18:53:24,7531,717,38,28.9,27.0
2020-11-09T18:53:34,7531,719,38,28.9,27.0
2020-11-09T18:53:44,7384,720,38,28.9,27.0
2020-11-09T18:53:54,7154,722,38,28.9,27.0
2020-11-09T18:54:04,7384,724,38,28.9,27.0
2020-11-09T18:54:14,6905,726,38,28.9,27.0
2020-11-09T18:54:24,7024,728,38,28.9,27.0
2020-11-09T18:54:34,7278,729,38,28.9,27.0
2020-11-09T18:54:44,6905,730,38,28.9,27.0
2020-11-09T18:54:54,7154,732,38,29.0,27.0
2020-11-09T18:55:04,7278,732,38,29.0,27.0
2020-11-09T18:55:14,7278,733,38,29.0,27.0
2020-11-09T18:55:24,7384,734,38,29.0,27.0
2020-11-09T18:55:34,7531,735,38,29.0,27.0
2020-11-09T18:55:44,7832,735,38,29.0,27.0
2020-11-09T18:55:54,7531,737,38,29.0,27.0
2020-11-09T18:56:04,7531,739,38,29.0,27.0
2020-11-09T18:56:14,7531,741,38,29.0,27.0
2020-11-09T18:56:24,7278,743,38,29.0,27.0
2020-11-09T18:56:34,7686,745,38,29.0,27.0
2020-11-09T18:56:44,7531,747,38,29.0,27.0
2020-11-09T18:56:54,7686,748,38,29.0,27.0
2020-11-09T18:57:04,7686,751,38,29.0,27.0
2020-11-09T18:57:14,7686,753,38,29.0,27.0
2020-11-09T18:57:24,7832,755,38,29.0,27.0
2020-11-09T18:57:34,7384,757,38,29.0,27.0
2020-11-09T18:57:44,7832,757,38,29.0,27.0
2020-11-09T18:57:54,7832,760,38,29.0,27.0
2020-11-09T18:58:04,7832,763,38,29.0,27.0
2020-11-09T18:58:14,7985,764,38,29.0,27.0
2020-11-09T18:58:24,7985,766,38,29.1,27.0
2020-11-09T18:58:34,7517,768,38,29.1,27.0
2020-11-09T18:58:44,7362,772,38,29.1,27.0
2020-11-09T18:58:54,7663,775,38,29.1,27.0
2020-11-09T18:59:04,7671,779,38,29.1,27.0
2020-11-09T18:59:14,7854,782,38,29.1,28.0
2020-11-09T18:59:24,7671,784,38,29.1,28.0
2020-11-09T18:59:34,7671,786,38,29.1,27.0
2020-11-09T18:59:44,7984,789,38,29.1,27.0
2020-11-09T18:59:54,7806,792,38,29.1,27.0
2020-11-09T19:00:04,7806,794,38,29.1,27.0
2020-11-09T19:00:14,7503,796,38,29.1,27.0
2020-11-09T19:00:24,7806,797,38,29.1,27.0
2020-11-09T19:00:34,7560,799,38,29.1,27.0
2020-11-09T19:00:44,7384,801,38,29.1,27.0
2020-11-09T19:00:54,7257,804,38,29.1,27.0
2020-11-09T19:01:04,7854,807,38,29.1,27.0
2020-11-09T19:01:14,7678,809,38,29.1,27.0
2020-11-09T19:01:24,7384,812,38,29.1,27.0
2020-11-09T19:01:34,7384,813,38,29.1,28.0
2020-11-09T19:01:44,7678,816,38,29.1,28.0
2020-11-09T19:01:54,7678,818,38,29.1,27.0
2020-11-09T19:02:04,7806,819,38,29.1,27.0
2020-11-09T19:02:14,7649,821,38,29.2,27.0
2020-11-09T19:02:24,7806,823,38,29.2,27.0
2020-11-09T19:02:34,7671,825,38,29.2,27.0
2020-11-09T19:02:44,7671,826,38,29.2,27.0
2020-11-09T19:02:54,7524,828,38,29.2,27.0
2020-11-09T19:03:04,7405,829,38,29.1,27.0
2020-11-09T19:03:14,7243,829,38,29.2,28.0
2020-11-09T19:03:24,7405,831,38,29.2,28.0
2020-11-09T19:03:34,6467,833,38,29.1,28.0
2020-11-09T19:03:44,7167,834,38,29.1,28.0
2020-11-09T19:03:54,7405,836,38,29.1,28.0
2020-11-09T19:04:04,7243,836,38,29.2,28.0
2020-11-09T19:04:14,7405,837,38,29.2,28.0
2020-11-09T19:04:24,7405,839,38,29.2,28.0
2020-11-09T19:04:34,7524,840,38,29.2,28.0
2020-11-09T19:04:44,7524,839,38,29.2,28.0
2020-11-09T19:04:54,7671,840,38,29.2,28.0
2020-11-09T19:05:04,7671,841,38,29.2,28.0
2020-11-09T19:05:14,7671,842,38,29.2,28.0
2020-11-09T19:05:24,7671,842,38,29.2,28.0
2020-11-09T19:05:34,7839,843,38,29.2,28.0
2020-11-09T19:05:44,7524,844,38,29.2,28.0
2020-11-09T19:05:54,7839,845,38,29.2,28.0
2020-11-09T19:06:04,7839,846,38,29.2,28.0
2020-11-09T19:06:14,7671,847,38,29.2,28.0
2020-11-09T19:06:24,7839,848,38,29.2,28.0
2020-11-09T19:06:34,7985,847,38,29.2,28.0
2020-11-09T19:06:44,7503,848,38,29.2,28.0
2020-11-09T19:06:54,7503,850,38,29.2,28.0
2020-11-09T19:07:04,7355,850,38,29.2,28.0
2020-11-09T19:07:14,7355,850,38,29.3,28.0
2020-11-09T19:07:24,6984,850,38,29.3,28.0
2020-11-09T19:07:34,6869,851,38,29.3,28.0
2020-11-09T19:07:44,6984,852,38,29.3,28.0
2020-11-09T19:07:54,7285,853,38,29.3,28.0
2020-11-09T19:08:04,6984,854,38,29.3,28.0
2020-11-09T19:08:14,6984,856,38,29.3,28.0
2020-11-09T19:08:24,7126,857,38,29.3,28.0
2020-11-09T19:08:34,7285,858,38,29.3,28.0
2020-11-09T19:08:44,7126,859,38,29.3,28.0
2020-11-09T19:08:54,6984,860,38,29.3,28.0
2020-11-09T19:09:04,7126,860,38,29.3,28.0
2020-11-09T19:09:14,7126,861,38,29.3,28.0
2020-11-09T19:09:24,7126,863,38,29.3,28.0
2020-11-09T19:09:34,7285,863,38,29.3,28.0
2020-11-09T19:09:44,7285,864,38,29.3,28.0
2020-11-09T19:09:54,7419,864,38,29.3,28.0
2020-11-09T19:10:04,7285,864,38,29.3,28.0
2020-11-09T19:10:14,7285,866,38,29.3,28.0
2020-11-09T19:10:24,7419,867,38,29.3,28.0
2020-11-09T19:10:34,7419,868,38,29.3,28.0
2020-11-09T19:10:44,7582,870,38,29.3,28.0
2020-11-09T19:10:54,7419,872,38,29.3,28.0
2020-11-09T19:11:04,7419,873,38,29.3,28.0
2020-11-09T19:11:14,7419,875,38,29.3,28.0
2020-11-09T19:11:24,7419,877,38,29.3,28.0
2020-11-09T19:11:34,7419,879,38,29.3,28.0
2020-11-09T19:11:44,7419,881,38,29.3,28.0
2020-11-09T19:11:54,7419,884,38,29.3,28.0
2020-11-09T19:12:04,7419,886,38,29.3,28.0
2020-11-09T19:12:14,7285,887,38,29.3,28.0
2020-11-09T19:12:24,7582,889,38,29.3,28.0
2020-11-09T19:12:34,7285,891,38,29.3,28.0
2020-11-09T19:12:44,7126,893,38,29.4,28.0
2020-11-09T19:12:54,7582,894,38,29.4,28.0
2020-11-09T19:13:04,7582,896,38,29.4,28.0
2020-11-09T19:13:14,7582,898,38,29.4,28.0
2020-11-09T19:13:24,7419,899,38,29.4,28.0
2020-11-09T19:13:34,7582,900,38,29.4,28.0
2020-11-09T19:13:44,7419,899,38,29.4,28.0
2020-11-09T19:13:54,7582,899,38,29.4,28.0
2020-11-09T19:14:04,7285,902,38,29.4,28.0
2020-11-09T19:14:14,7285,903,38,29.4,28.0
2020-11-09T19:14:24,7285,906,38,29.4,28.0
2020-11-09T19:14:34,7582,907,38,29.4,28.0
2020-11-09T19:14:44,7419,910,38,29.4,28.0
2020-11-09T19:14:54,7419,914,38,29.4,28.0
2020-11-09T19:15:04,7582,916,38,29.4,28.0
2020-11-09T19:15:14,7348,920,38,29.4,28.0
2020-11-09T19:15:24,7285,920,38,29.4,28.0
2020-11-09T19:15:34,7285,923,38,29.4,28.0
2020-11-09T19:15:44,7582,926,38,29.4,28.0
2020-11-09T19:15:54,7582,929,38,29.4,28.0
2020-11-09T19:16:04,7419,930,38,29.4,28.0
2020-11-09T19:16:14,7285,933,38,29.4,28.0
2020-11-09T19:16:24,7208,937,38,29.4,28.0
2020-11-09T19:16:34,7208,940,38,29.4,28.0
2020-11-09T19:16:44,7419,940,38,29.4,28.0
2020-11-09T19:16:54,7701,942,38,29.4,28.0
2020-11-09T19:17:04,7503,945,38,29.4,28.0
2020-11-09T19:17:14,7582,947,38,29.4,28.0
2020-11-09T19:17:24,7582,947,38,29.4,28.0
2020-11-09T19:17:34,7285,949,38,29.4,28.0
2020-11-09T19:17:44,7582,949,38,29.4,28.0
2020-11-09T19:17:54,7208,953,38,29.4,28.0
2020-11-09T19:18:04,7419,955,38,29.4,28.0
2020-11-09T19:18:14,7419,956,38,29.4,28.0
2020-11-09T19:18:24,7285,956,38,29.5,28.0
2020-11-09T19:18:34,7208,960,38,29.4,28.0
2020-11-09T19:18:44,7126,963,38,29.5,28.0
2020-11-09T19:18:54,7285,967,38,29.5,28.0
2020-11-09T19:19:04,6984,969,38,29.5,28.0
2020-11-09T19:19:14,7626,971,38,29.5,28.0
2020-11-09T19:19:24,7208,975,38,29.5,28.0
2020-11-09T19:19:34,7126,977,38,29.5,28.0
2020-11-09T19:19:44,7419,977,38,29.5,28.0
2020-11-09T19:19:54,7208,982,38,29.5,28.0
2020-11-09T19:20:04,7503,983,38,29.5,28.0
2020-11-09T19:20:14,7419,984,38,29.5,28.0
2020-11-09T19:20:24,7208,986,38,29.5,28.0
2020-11-09T19:20:34,7285,982,38,29.5,28.0
2020-11-09T19:20:44,7348,983,38,29.5,28.0
2020-11-09T19:20:54,7126,987,38,29.5,28.0
2020-11-09T19:21:04,7052,991,38,29.5,28.0
2020-11-09T19:21:14,7285,994,38,29.5,28.0
2020-11-09T19:21:24,7348,998,38,29.5,28.0
2020-11-09T19:21:34,7285,998,38,29.5,28.0
2020-11-09T19:21:44,7419,996,38,29.5,28.0
2020-11-09T19:21:54,7126,998,38,29.5,28.0
2020-11-09T19:22:04,7052,1000,38,29.5,28.0
2020-11-09T19:22:14,7208,1002,38,29.5,28.0
2020-11-09T19:22:24,7126,1006,38,29.5,28.0
2020-11-09T19:22:34,7285,1008,38,29.6,28.0
2020-11-09T19:22:44,7126,1010,38,29.6,28.0
2020-11-09T19:22:54,7126,1013,38,29.6,28.0
2020-11-09T19:23:04,7285,1015,38,29.6,28.0
2020-11-09T19:23:14,7285,1017,38,29.6,28.0
2020-11-09T19:23:24,6984,1020,38,29.6,28.0
2020-11-09T19:23:34,7126,1019,38,29.6,28.0
2020-11-09T19:23:44,7126,1019,38,29.6,28.0
2020-11-09T19:23:54,7126,1019,38,29.6,28.0
2020-11-09T19:24:04,7052,1020,38,29.6,28.0
2020-11-09T19:24:14,7126,1021,38,29.6,28.0
2020-11-09T19:24:24,6984,1023,38,29.6,28.0
2020-11-09T19:24:34,6869,1023,38,29.6,28.0
2020-11-09T19:24:44,7126,1021,38,29.6,28.0
2020-11-09T19:24:54,6984,1021,38,29.6,28.0
2020-11-09T19:25:04,7126,1025,38,29.6,28.0
2020-11-09T19:25:14,7126,1027,38,29.6,28.0
2020-11-09T19:25:24,7285,1027,38,29.6,28.0
2020-11-09T19:25:34,7285,1030,38,29.6,28.0
2020-11-09T19:25:44,7126,1031,38,29.6,28.0
2020-11-09T19:25:54,7285,1034,38,29.6,28.0
2020-11-09T19:26:04,7126,1035,38,29.6,28.0
2020-11-09T19:26:14,7126,1035,38,29.6,28.0
2020-11-09T19:26:24,6984,1037,38,29.6,28.0
2020-11-09T19:26:34,7126,1038,38,29.6,28.0
2020-11-09T19:26:44,7126,1040,38,29.6,28.0
2020-11-09T19:26:54,7285,1040,38,29.6,28.0
2020-11-09T19:27:04,7126,1041,38,29.6,28.0
2020-11-09T19:27:14,7126,1041,38,29.6,28.0
2020-11-09T19:27:24,6984,1042,38,29.6,28.0
2020-11-09T19:27:34,6984,1044,38,29.6,28.0
2020-11-09T19:27:44,6869,1044,38,29.6,28.0
2020-11-09T19:27:54,6869,1043,38,29.7,28.0
2020-11-09T19:28:04,6984,1043,38,29.7,28.0
2020-11-09T19:28:14,6984,1044,38,29.6,28.0
2020-11-09T19:28:24,6869,1046,38,29.6,28.0
2020-11-09T19:28:34,6984,1046,38,29.6,28.0
2020-11-09T19:28:44,6984,1048,38,29.6,28.0
2020-11-09T19:28:54,6984,1050,38,29.6,28.0
2020-11-09T19:29:04,6869,1050,38,29.6,28.0
2020-11-09T19:29:14,6869,1048,38,29.6,28.0
2020-11-09T19:29:24,6616,1048,38,29.6,28.0
2020-11-09T19:29:34,6725,1049,38,29.7,28.0
2020-11-09T19:29:44,6869,1051,38,29.7,28.0
2020-11-09T19:29:54,6869,1052,38,29.7,28.0
2020-11-09T19:30:04,6869,1054,38,29.7,28.0
2020-11-09T19:30:14,6725,1056,38,29.7,28.0
2020-11-09T19:30:24,6869,1056,38,29.7,28.0
2020-11-09T19:30:34,6869,1057,38,29.7,28.0
2020-11-09T19:30:44,6725,1057,38,29.7,28.0
2020-11-09T19:30:54,6616,1055,38,29.7,28.0
2020-11-09T19:31:04,6616,1055,38,29.7,28.0
2020-11-09T19:31:14,6725,1056,38,29.7,28.0
2020-11-09T19:31:24,6725,1056,38,29.7,28.0
2020-11-09T19:31:34,6725,1058,38,29.7,28.0
2020-11-09T19:31:44,6616,1058,38,29.7,28.0
2020-11-09T19:31:54,6725,1060,38,29.7,28.0
2020-11-09T19:32:04,6616,1059,38,29.7,28.0
2020-11-09T19:32:14,6616,1059,38,29.7,28.0
2020-11-09T19:32:24,6616,1059,38,29.7,28.0
2020-11-09T19:32:34,6616,1056,38,29.7,28.0
2020-11-09T19:32:44,6616,1058,38,29.7,28.0
2020-11-09T19:32:54,6467,1058,38,29.7,28.0
2020-11-09T19:33:04,6117,1057,38,29.7,28.0
2020-11-09T19:33:14,6297,1058,38,29.7,28.0
2020-11-09T19:33:24,6467,1058,38,29.7,28.0
2020-11-09T19:33:34,6616,1058,38,29.7,28.0
2020-11-09T19:33:44,6467,1056,38,29.7,28.0
2020-11-09T19:33:54,6725,1057,38,29.8,28.0
2020-11-09T19:34:04,6255,1057,38,29.8,28.0
2020-11-09T19:34:14,6014,1056,38,29.7,28.0
2020-11-09T19:34:24,6467,1053,38,29.7,28.0
2020-11-09T19:34:34,6467,1054,38,29.7,28.0
2020-11-09T19:34:44,6616,1053,38,29.7,28.0
2020-11-09T19:34:54,6362,1053,38,29.8,28.0
2020-11-09T19:35:04,6014,1057,38,29.8,28.0
2020-11-09T19:35:14,6014,1058,38,29.8,28.0
2020-11-09T19:35:24,6014,1057,38,29.8,28.0
2020-11-09T19:35:34,6014,1058,38,29.8,28.0
2020-11-09T19:35:44,6014,1057,38,29.8,28.0
2020-11-09T19:35:54,6117,1056,38,29.8,28.0
2020-11-09T19:36:04,6014,1054,38,29.8,28.0
2020-11-09T19:36:14,6117,1054,38,29.7,28.0
2020-11-09T19:36:24,6117,1055,38,29.8,28.0
2020-11-09T19:36:34,5509,1051,38,29.7,28.0
2020-11-09T19:36:44,6362,1048,38,29.8,28.0
2020-11-09T19:36:54,6014,1046,38,29.7,28.0
2020-11-09T19:37:04,6249,1044,38,29.8,28.0
2020-11-09T19:37:14,6014,1045,38,29.8,28.0
2020-11-09T19:37:24,6014,1045,38,29.8,28.0
2020-11-09T19:37:34,5907,1048,38,29.8,28.0
2020-11-09T19:37:44,6117,1046,38,29.7,28.0
2020-11-09T19:37:54,6117,1042,38,29.8,28.0
2020-11-09T19:38:04,6014,1041,38,29.8,28.0
2020-11-09T19:38:14,5907,1040,38,29.8,28.0
2020-11-09T19:38:24,6014,1037,38,29.8,28.0
2020-11-09T19:38:34,5907,1036,38,29.8,28.0
2020-11-09T19:38:44,6117,1035,38,29.8,28.0
2020-11-09T19:38:54,5778,1035,38,29.8,28.0
2020-11-09T19:39:04,5778,1033,38,29.8,28.0
2020-11-09T19:39:14,5778,1033,38,29.8,28.0
2020-11-09T19:39:24,5674,1031,38,29.8,28.0
2020-11-09T19:39:34,5778,1030,38,29.8,28.0
2020-11-09T19:39:44,5907,1027,38,29.8,28.0
2020-11-09T19:39:54,5907,1023,38,29.8,28.0
2020-11-09T19:40:04,5778,1019,38,29.8,28.0
2020-11-09T19:40:14,5778,1019,38,29.8,28.0
2020-11-09T19:40:24,5907,1020,38,29.8,28.0
2020-11-09T19:40:34,5778,1021,38,29.8,28.0
2020-11-09T19:40:44,5778,1025,38,29.8,28.0
2020-11-09T19:40:54,5778,1026,38,29.8,28.0
2020-11-09T19:41:04,5778,1028,38,29.8,28.0
2020-11-09T19:41:14,5603,1028,38,29.8,28.0
2020-11-09T19:41:24,5674,1032,38,29.8,28.0
2020-11-09T19:41:34,5674,1029,38,29.8,28.0
2020-11-09T19:41:44,5778,1030,38,29.8,28.0
2020-11-09T19:41:54,5778,1032,38,29.8,28.0
2020-11-09T19:42:04,5674,1032,38,29.8,28.0
2020-11-09T19:42:14,5603,1032,38,29.8,28.0
2020-11-09T19:42:24,5778,1034,38,29.8,28.0
2020-11-09T19:42:34,5603,1038,38,29.8,28.0
2020-11-09T19:42:44,5603,1042,38,29.8,28.0
2020-11-09T19:42:54,5674,1044,38,29.8,28.0
2020-11-09T19:43:04,5603,1044,38,29.8,28.0
2020-11-09T19:43:14,5414,1042,38,29.8,28.0
2020-11-09T19:43:24,5674,1040,38,29.8,28.0
2020-11-09T19:43:34,5509,1038,38,29.8,28.0
2020-11-09T19:43:44,5603,1037,38,29.8,28.0
2020-11-09T19:43:54,5674,1036,38,29.8,28.0
2020-11-09T19:44:04,5778,1035,38,29.8,28.0
2020-11-09T19:44:14,5674,1036,38,29.8,28.0
2020-11-09T19:44:24,5674,1034,38,29.8,28.0
2020-11-09T19:44:34,5674,1033,38,29.8,28.0
2020-11-09T19:44:44,5674,1033,38,29.8,28.0
2020-11-09T19:44:54,5603,1034,38,29.8,28.0
2020-11-09T19:45:04,5603,1036,38,29.8,28.0
2020-11-09T19:45:14,5509,1038,38,29.8,28.0
2020-11-09T19:45:24,5603,1039,38,29.9,28.0
2020-11-09T19:45:34,5603,1037,38,29.9,28.0
2020-11-09T19:45:44,5603,1037,38,29.8,28.0
2020-11-09T19:45:54,5603,1037,38,29.9,28.0
2020-11-09T19:46:04,5674,1035,38,29.9,28.0
2020-11-09T19:46:14,5603,1039,38,29.9,28.0
2020-11-09T19:46:24,5509,1041,38,29.8,28.0
2020-11-09T19:46:34,5509,1041,38,29.9,28.0
2020-11-09T19:46:44,5414,1042,38,29.9,28.0
2020-11-09T19:46:54,5674,1042,38,29.9,28.0
2020-11-09T19:47:04,5509,1040,38,29.9,28.0
2020-11-09T19:47:14,5509,1039,38,29.9,28.0
2020-11-09T19:47:24,5414,1040,38,29.8,28.0
2020-11-09T19:47:34,5603,1040,38,29.9,28.0
2020-11-09T19:47:44,5603,1042,38,29.9,28.0
2020-11-09T19:47:54,5674,1045,38,29.9,28.0
2020-11-09T19:48:04,5674,1044,38,29.9,28.0
2020-11-09T19:48:14,5603,1046,38,29.9,28.0
2020-11-09T19:48:24,5674,1048,38,29.9,28.0
2020-11-09T19:48:34,5509,1046,38,29.9,28.0
2020-11-09T19:48:44,5674,1045,38,29.9,28.0
2020-11-09T19:48:54,5509,1044,38,29.9,28.0
2020-11-09T19:49:04,5778,1043,38,29.9,28.0
2020-11-09T19:49:14,5603,1040,38,29.9,28.0
2020-11-09T19:49:24,5603,1039,38,29.9,28.0
2020-11-09T19:49:34,5509,1037,38,29.9,28.0
2020-11-09T19:49:44,5414,1033,38,29.9,28.0
2020-11-09T19:49:54,5414,1034,38,29.9,28.0
2020-11-09T19:50:04,5414,1034,38,29.9,28.0
2020-11-09T19:50:14,5327,1032,38,29.9,28.0
2020-11-09T19:50:24,5603,1031,38,29.9,28.0
2020-11-09T19:50:34,5414,1031,39,29.9,28.0
2020-11-09T19:50:44,5207,1033,38,29.9,28.0
2020-11-09T19:50:54,5509,1029,38,29.9,28.0
2020-11-09T19:51:04,5603,1027,38,29.9,28.0
2020-11-09T19:51:14,5603,1025,38,29.9,28.0
2020-11-09T19:51:24,5414,1023,38,29.9,28.0
2020-11-09T19:51:34,5509,1020,38,29.9,28.0
2020-11-09T19:51:44,5603,1020,38,29.9,28.0
2020-11-09T19:51:54,5414,1023,38,29.9,28.0
2020-11-09T19:52:04,5509,1023,38,29.9,28.0
2020-11-09T19:52:14,5603,1022,38,29.9,28.0
2020-11-09T19:52:24,5509,1021,38,29.9,28.0
2020-11-09T19:52:34,5603,1021,38,29.9,28.0
2020-11-09T19:52:44,5509,1023,38,29.9,28.0
2020-11-09T19:52:54,5414,1025,38,29.9,28.0
2020-11-09T19:53:04,5414,1025,38,29.9,28.0
2020-11-09T19:53:14,5036,1023,38,29.9,28.0
2020-11-09T19:53:24,5363,1025,38,29.9,28.0
2020-11-09T19:53:34,5327,1027,38,29.9,28.0
2020-11-09T19:53:44,5509,1026,38,29.9,28.0
2020-11-09T19:53:54,5509,1026,38,29.9,28.0
2020-11-09T19:54:04,5603,1026,38,29.9,28.0
2020-11-09T19:54:14,5414,1023,38,30.0,28.0
2020-11-09T19:54:24,5509,1023,38,30.0,28.0
2020-11-09T19:54:34,5414,1023,38,30.0,28.0
2020-11-09T19:54:44,5509,1176,38,30.0,28.0
2020-11-09T19:54:54,5414,1176,38,30.0,28.0
2020-11-09T19:55:04,5509,1177,38,30.0,28.0
2020-11-09T19:55:14,5414,1177,38,30.0,28.0
2020-11-09T19:55:24,5509,1177,38,30.0,28.0
2020-11-09T19:55:34,5414,1180,38,30.0,28.0
2020-11-09T19:55:44,5207,1180,38,30.0,28.0
2020-11-09T19:55:54,5207,1182,38,30.0,28.0
2020-11-09T19:56:04,5327,1178,38,30.0,28.0
2020-11-09T19:56:14,5327,1177,38,30.0,28.0
2020-11-09T19:56:24,5327,1174,38,30.0,28.0
2020-11-09T19:56:34,5327,1173,38,30.0,28.0
2020-11-09T19:56:44,5509,1171,38,30.0,28.0
2020-11-09T19:56:54,5603,1173,38,30.0,28.0
2020-11-09T19:57:04,5603,1173,38,30.0,28.0
2020-11-09T19:57:14,5414,1173,38,30.0,28.0
2020-11-09T19:57:24,5207,1171,38,30.0,28.0
2020-11-09T19:57:34,5327,1171,38,30.0,28.0
2020-11-09T19:57:44,5207,1176,38,30.0,28.0
2020-11-09T19:57:54,5414,1178,38,30.0,28.0
2020-11-09T19:58:04,5509,1178,38,30.0,28.0
2020-11-09T19:58:14,5509,1181,38,30.0,28.0
2020-11-09T19:58:24,5327,1181,38,30.0,28.0
2020-11-09T19:58:34,5509,1181,38,30.0,28.0
2020-11-09T19:58:44,5414,1181,38,30.0,28.0
2020-11-09T19:58:54,5207,1179,38,30.0,28.0
2020-11-09T19:59:04,5327,1178,38,30.0,28.0
2020-11-09T19:59:14,5327,1177,38,30.0,28.0
2020-11-09T19:59:24,5327,1177,38,30.0,28.0
2020-11-09T19:59:34,5414,1180,38,30.0,28.0
2020-11-09T19:59:44,5451,1182,38,30.0,28.0
2020-11-09T19:59:54,5363,1186,38,30.0,28.0
2020-11-09T20:00:04,5414,1188,38,30.0,28.0
2020-11-09T20:00:14,5327,1187,38,30.0,28.0
2020-11-09T20:00:24,5207,1184,38,30.0,28.0
2020-11-09T20:00:34,5207,1188,38,30.0,28.0
2020-11-09T20:00:44,5207,1187,38,30.0,28.0
2020-11-09T20:00:54,5207,1185,38,30.0,28.0
2020-11-09T20:01:04,5327,1183,38,30.0,28.0
2020-11-09T20:01:14,5414,1179,38,30.0,28.0
2020-11-09T20:01:24,5207,1178,38,30.0,28.0
2020-11-09T20:01:34,5327,1177,38,30.0,28.0
2020-11-09T20:01:44,5363,1175,38,30.0,28.0
2020-11-09T20:01:54,5363,1174,38,30.0,28.0
2020-11-09T20:02:04,5272,1173,38,30.0,28.0
2020-11-09T20:02:14,5603,1173,38,30.0,28.0
2020-11-09T20:02:24,5509,1175,38,30.0,28.0
2020-11-09T20:02:34,5414,1175,38,30.0,28.0
2020-11-09T20:02:44,5509,1178,38,30.0,28.0
2020-11-09T20:02:54,5509,1177,38,30.0,28.0
2020-11-09T20:03:04,5414,1178,38,30.0,28.0
2020-11-09T20:03:14,5414,1178,38,30.0,28.0
2020-11-09T20:03:24,5414,1177,38,30.0,28.0
2020-11-09T20:03:34,5509,1179,38,30.0,28.0
2020-11-09T20:03:44,5414,1182,38,30.1,28.0
2020-11-09T20:03:54,5414,1184,38,30.0,28.0
2020-11-09T20:04:04,4949,1183,39,30.0,28.0
2020-11-09T20:04:14,5292,1182,38,30.0,28.0
2020-11-09T20:04:24,5363,1183,38,30.0,28.0
2020-11-09T20:04:34,5327,1186,38,30.0,28.0
2020-11-09T20:04:44,5414,1188,38,30.0,28.0
2020-11-09T20:04:54,5327,1190,38,30.0,28.0
2020-11-09T20:05:04,5414,1193,38,30.1,28.0
2020-11-09T20:05:14,5327,1191,38,30.1,28.0
2020-11-09T20:05:24,5327,1194,38,30.1,28.0
2020-11-09T20:05:34,5509,1197,38,30.1,28.0
2020-11-09T20:05:44,5327,1199,38,30.1,28.0
2020-11-09T20:05:54,5327,1201,38,30.1,28.0
2020-11-09T20:06:04,5327,1199,38,30.1,28.0
2020-11-09T20:06:14,5327,1201,38,30.1,28.0
2020-11-09T20:06:24,5509,1204,38,30.1,28.0
2020-11-09T20:06:34,5509,1204,38,30.1,28.0
2020-11-09T20:06:44,4466,1205,38,30.0,28.0
2020-11-09T20:06:54,4827,1203,38,30.1,28.0
2020-11-09T20:07:04,5207,1207,38,30.1,28.0
2020-11-09T20:07:14,5414,1211,38,30.1,28.0
2020-11-09T20:07:24,5414,1213,38,30.1,28.0
2020-11-09T20:07:34,5327,1213,38,30.1,28.0
2020-11-09T20:07:44,5327,1213,38,30.1,28.0
2020-11-09T20:07:54,5327,1216,38,30.1,28.0
2020-11-09T20:08:04,5207,1216,38,30.1,28.0
2020-11-09T20:08:14,5327,1214,38,30.1,28.0
2020-11-09T20:08:24,5207,1213,38,30.1,28.0
2020-11-09T20:08:34,5121,1215,38,30.1,28.0
2020-11-09T20:08:44,5207,1217,38,30.1,28.0
2020-11-09T20:08:54,5327,1216,38,30.1,28.0
2020-11-09T20:09:04,5327,1218,38,30.1,28.0
2020-11-09T20:09:14,5327,1222,38,30.1,28.0
2020-11-09T20:09:24,5327,1226,38,30.1,28.0
2020-11-09T20:09:34,5327,1227,38,30.1,28.0
2020-11-09T20:09:44,5509,1228,38,30.1,28.0
2020-11-09T20:09:54,5327,1230,38,30.1,28.0
2020-11-09T20:10:04,5414,1234,38,30.1,28.0
2020-11-09T20:10:14,5207,1235,38,30.1,28.0
2020-11-09T20:10:24,5327,1236,38,30.1,28.0
2020-11-09T20:10:34,5327,1237,38,30.1,28.0
2020-11-09T20:10:44,5327,1235,38,30.1,28.0
2020-11-09T20:10:54,5207,1232,38,30.1,28.0
2020-11-09T20:11:04,5207,1234,38,30.1,28.0
2020-11-09T20:11:14,5207,1237,38,30.1,28.0
2020-11-09T20:11:24,5327,1238,38,30.1,28.0
2020-11-09T20:11:34,5036,1237,38,30.1,28.0
2020-11-09T20:11:44,5207,1235,38,30.1,28.0
2020-11-09T20:11:54,5207,1237,38,30.1,28.0
2020-11-09T20:12:04,5121,1239,38,30.1,28.0
2020-11-09T20:12:14,5327,1237,38,30.1,28.0
2020-11-09T20:12:24,5036,1235,38,30.1,28.0
2020-11-09T20:12:34,5207,1235,38,30.1,28.0
2020-11-09T20:12:44,5327,1237,38,30.1,28.0
2020-11-09T20:12:54,5207,1237,38,30.1,28.0
2020-11-09T20:13:04,5327,1239,38,30.1,28.0
2020-11-09T20:13:14,5207,1243,38,30.1,28.0
2020-11-09T20:13:24,5207,1242,38,30.1,28.0
2020-11-09T20:13:34,5121,1241,38,30.1,28.0
2020-11-09T20:13:44,5207,1244,38,30.1,28.0
2020-11-09T20:13:54,5603,1243,39,30.1,28.0, opens door
2020-11-09T20:14:14,3311,1247,38,30.1,28.0
2020-11-09T20:14:24,2632,1249,37,30.1,28.0
2020-11-09T20:14:34,2780,1246,38,30.1,28.0
2020-11-09T20:14:44,3825,1244,38,30.0,28.0
2020-11-09T20:14:54,3545,1240,38,30.1,28.0
2020-11-09T20:15:04,3717,1236,38,30.0,28.0
2020-11-09T20:15:14,3449,1236,38,30.0,28.0
2020-11-09T20:18:06,400,880,37,29.6,28.0
2020-11-09T20:18:16,629,859,38,29.6,28.0
2020-11-09T20:18:26,730,837,38,29.6,28.0
2020-11-09T20:18:36,400,827,37,29.6,28.0
2020-11-09T20:18:46,617,808,37,29.6,28.0
2020-11-09T20:18:56,415,798,37,29.6,28.0
2020-11-09T20:19:06,498,790,37,29.5,28.0
2020-11-09T20:19:16,400,782,37,29.5,28.0
2020-11-09T20:19:26,446,776,37,29.4,28.0
2020-11-09T20:19:36,433,752,37,29.4,28.0
2020-11-09T20:19:46,699,723,38,29.4,27.0
2020-11-09T20:19:56,652,698,38,29.4,28.0
2020-11-09T20:20:06,855,677,38,29.5,27.0
2020-11-09T20:20:16,530,667,37,29.5,27.0
2020-11-09T20:20:26,400,667,37,29.5,27.0
2020-11-09T20:20:36,400,659,37,29.4,27.0
2020-11-09T20:20:46,421,654,37,29.4,28.0
2020-11-09T20:20:56,508,649,37,29.4,27.0
2020-11-09T20:21:06,411,642,37,29.4,27.0
2020-11-09T20:21:16,400,638,37,29.4,27.0
2020-11-09T20:21:26,403,633,37,29.4,27.0
2020-11-09T20:21:36,759,619,38,29.4,27.0
2020-11-09T20:21:56,732,610,37,29.5,27.0
2020-11-09T20:22:16,638,605,37,29.5,27.0
2020-11-09T20:22:26,624,602,37,29.5,27.0
2020-11-09T20:22:36,611,598,37,29.4,27.0
2020-11-09T20:22:46,624,593,37,29.5,27.0
2020-11-09T20:22:56,447,592,37,29.4,27.0
2020-11-09T20:23:06,400,592,37,29.4,27.0
2020-11-09T20:23:16,405,593,37,29.3,27.0
2020-11-09T20:23:26,400,591,37,29.3,27.0
2020-11-09T20:23:36,400,589,37,29.3,27.0
2020-11-09T20:23:56,475,580,37,29.3,27.0
2020-11-09T20:24:06,434,579,37,29.2,27.0
2020-11-09T20:24:26,418,573,37,29.2,27.0
2020-11-09T20:24:36,487,568,37,29.1,27.0
2020-11-09T20:24:46,633,557,38,29.2,27.0
2020-11-09T20:24:56,444,548,37,29.2,27.0
2020-11-09T20:25:06,465,536,37,29.2,27.0
2020-11-09T20:25:26,740,526,37,29.2,27.0
2020-11-09T20:25:36,763,519,37,29.3,27.0
2020-11-09T20:25:46,715,516,37,29.3,27.0
2020-11-09T20:25:56,846,509,37,29.3,27.0
2020-11-09T20:26:06,975,505,37,29.3,27.0
2020-11-09T20:26:16,933,500,37,29.3,27.0, leaves room
2020-11-09T20:26:56,505,513,37,29.3,27.0
2020-11-09T20:27:06,475,516,37,29.2,27.0
2020-11-09T20:27:16,483,519,37,29.1,27.0
2020-11-09T20:27:26,838,517,37,29.2,27.0
2020-11-09T20:27:36,486,512,37,29.1,27.0
2020-11-09T20:27:46,531,512,37,29.1,27.0
2020-11-09T20:27:56,565,502,37,29.2,27.0
2020-11-09T20:28:06,678,496,37,29.2,27.0
2020-11-09T20:28:16,742,495,37,29.3,27.0
2020-11-09T20:28:26,704,490,37,29.3,27.0
2020-11-09T20:28:36,732,486,37,29.3,27.0
2020-11-09T20:28:46,671,484,37,29.3,27.0
2020-11-09T20:28:56,600,486,37,29.3,27.0
2020-11-09T20:29:06,584,493,37,29.3,27.0
2020-11-09T20:29:16,686,486,37,29.3,27.0
2020-11-09T20:29:26,740,479,37,29.3,27.0
2020-11-09T20:29:36,629,475,37,29.3,27.0
2020-11-09T20:29:46,524,478,37,29.2,27.0
2020-11-09T20:29:56,465,482,37,29.2,27.0
2020-11-09T20:30:06,459,480,37,29.1,27.0
2020-11-09T20:30:16,421,478,37,29.1,27.0
2020-11-09T20:30:26,446,475,37,29.0,27.0
2020-11-09T20:30:36,501,476,37,29.1,27.0
2020-11-09T20:30:46,594,469,37,29.1,27.0
2020-11-09T20:30:56,666,467,37,29.1,27.0
2020-11-09T20:31:06,838,468,37,29.2,27.0
2020-11-09T20:31:16,959,468,37,29.1,27.0
2020-11-09T20:31:26,1242,466,37,29.1,27.0
2020-11-09T20:31:36,995,466,37,29.2,27.0
2020-11-09T20:31:46,907,466,37,29.2,27.0
2020-11-09T20:31:56,657,463,37,29.2,27.0
2020-11-09T20:32:06,553,464,37,29.1,27.0
2020-11-09T20:32:16,533,467,37,29.1,27.0
2020-11-09T20:32:26,529,466,37,29.1,27.0
2020-11-09T20:32:36,650,465,37,29.1,27.0
2020-11-09T20:32:46,594,467,37,29.2,27.0
2020-11-09T20:32:56,629,467,37,29.1,27.0
2020-11-09T20:33:06,653,465,37,29.1,27.0
2020-11-09T20:33:16,802,466,37,29.1,27.0
2020-11-09T20:33:26,964,467,37,29.1,27.0
2020-11-09T20:33:36,1050,467,37,29.2,27.0
2020-11-09T20:33:46,830,467,37,29.2,27.0
2020-11-09T20:33:56,748,466,37,29.2,27.0
2020-11-09T20:34:06,802,470,37,29.2,27.0
2020-11-09T20:34:16,798,467,37,29.2,27.0
2020-11-09T20:34:26,533,467,37,29.2,27.0
2020-11-09T20:34:36,520,467,37,29.1,27.0
2020-11-09T20:34:46,531,467,37,29.1,27.0
2020-11-09T20:34:56,591,468,37,29.1,27.0
2020-11-09T20:35:06,666,466,37,29.1,27.0
2020-11-09T20:35:16,678,463,37,29.2,27.0
2020-11-09T20:35:26,623,462,37,29.2,27.0
2020-11-09T20:35:36,600,462,37,29.2,27.0
2020-11-09T20:35:46,690,464,37,29.2,27.0
2020-11-09T20:35:56,702,462,37,29.1,27.0
2020-11-09T20:36:06,690,463,37,29.1,27.0
2020-11-09T20:36:16,678,463,37,29.1,27.0
2020-11-09T20:36:26,748,465,37,29.1,27.0
2020-11-09T20:36:36,754,463,37,29.1,27.0
2020-11-09T20:36:46,819,461,37,29.1,27.0
2020-11-09T20:36:56,1168,462,37,29.2,27.0
2020-11-09T20:37:06,1201,465,37,29.1,27.0
2020-11-09T20:37:16,1307,462,37,29.1,27.0
2020-11-09T20:37:26,1380,458,37,29.2,27.0
2020-11-09T20:37:36,1544,458,37,29.2,27.0
2020-11-09T20:37:46,1594,457,37,29.2,27.0
2020-11-09T20:37:56,1762,456,37,29.2,27.0
2020-11-09T20:38:06,1933,452,37,29.2,27.0
2020-11-09T20:38:16,1961,455,37,29.2,27.0
2020-11-09T20:38:26,1984,457,37,29.2,27.0
2020-11-09T20:38:36,2152,460,37,29.2,27.0
2020-11-09T20:38:46,1612,461,37,29.2,27.0
2020-11-09T20:38:56,1933,463,37,29.3,27.0
2020-11-09T20:39:06,1436,462,37,29.3,27.0
2020-11-09T20:39:16,1029,463,37,29.2,27.0
2020-11-09T20:39:26,1007,464,37,29.2,27.0
2020-11-09T20:39:36,949,464,37,29.1,27.0
2020-11-09T20:39:46,768,462,37,29.1,27.0
2020-11-09T20:39:56,710,464,37,29.0,27.0
2020-11-09T20:40:06,666,465,37,28.9,27.0
2020-11-09T20:40:16,643,467,37,28.9,27.0
2020-11-09T20:40:26,637,468,38,28.8,27.0
2020-11-09T20:40:36,657,472,38,28.7,27.0
2020-11-09T20:40:46,708,471,38,28.8,27.0
2020-11-09T20:40:56,591,470,38,28.8,27.0
2020-11-09T20:41:06,699,467,38,28.8,27.0
2020-11-09T20:41:16,846,466,38,28.8,27.0
2020-11-09T20:41:26,902,463,38,28.9,27.0
2020-11-09T20:41:36,749,466,38,28.9,27.0
2020-11-09T20:41:46,838,461,38,28.9,27.0
2020-11-09T20:41:56,1118,456,38,28.9,27.0
2020-11-09T20:42:06,806,457,38,28.9,27.0
2020-11-09T20:42:16,754,457,38,28.9,27.0
2020-11-09T20:42:26,954,451,38,28.9,27.0
2020-11-09T20:42:36,710,451,37,28.9,27.0
2020-11-09T20:42:46,574,455,37,28.8,27.0
2020-11-09T20:42:56,523,461,38,28.8,27.0
2020-11-09T20:43:06,465,462,38,28.7,27.0
2020-11-09T20:43:16,482,460,38,28.7,27.0
2020-11-09T20:43:26,424,462,38,28.6,27.0
2020-11-09T20:43:36,414,468,38,28.6,27.0
2020-11-09T20:43:46,461,468,38,28.6,27.0
2020-11-09T20:43:56,569,461,38,28.6,27.0
2020-11-09T20:44:06,710,456,38,28.7,27.0
2020-11-09T20:44:16,710,455,38,28.7,27.0
2020-11-09T20:44:26,754,456,38,28.8,27.0
2020-11-09T20:44:36,688,457,38,28.8,27.0
2020-11-09T20:44:46,592,457,38,28.8,27.0
2020-11-09T20:44:56,520,461,38,28.8,27.0
2020-11-09T20:45:06,493,470,38,28.7,27.0
2020-11-09T20:45:16,472,470,38,28.7,27.0
2020-11-09T20:45:26,427,472,38,28.6,26.0
2020-11-09T20:45:36,420,469,38,28.7,26.0
2020-11-09T20:45:46,406,468,38,28.6,26.0
2020-11-09T20:45:56,400,472,38,28.6,26.0
2020-11-09T20:46:06,420,472,38,28.6,26.0
2020-11-09T20:46:16,450,461,38,28.6,26.0
2020-11-09T20:46:26,450,450,38,28.6,26.0
2020-11-09T20:46:36,502,448,38,28.6,26.0
2020-11-09T20:46:46,475,448,38,28.6,26.0
2020-11-09T20:46:56,418,448,38,28.6,26.0
2020-11-09T20:47:06,410,452,38,28.5,26.0
2020-11-09T20:47:16,400,456,38,28.5,26.0
2020-11-09T20:47:26,400,452,38,28.4,26.0
2020-11-09T20:47:36,420,447,38,28.4,26.0
2020-11-09T20:47:46,434,441,39,28.3,26.0
2020-11-09T20:47:56,420,440,38,28.3,26.0
2020-11-09T20:48:06,441,441,38,28.4,26.0
2020-11-09T20:48:16,423,442,38,28.4,26.0
2020-11-09T20:48:26,420,446,38,28.4,26.0
2020-11-09T20:48:36,480,446,38,28.5,26.0
2020-11-09T20:48:46,502,441,38,28.5,26.0
2020-11-09T20:48:56,552,437,38,28.5,26.0
2020-11-09T20:49:06,674,437,38,28.6,26.0
2020-11-09T20:49:16,580,440,38,28.5,26.0
2020-11-09T20:49:26,530,444,39,28.5,26.0
2020-11-09T20:49:36,552,451,39,28.4,26.0
2020-11-09T20:49:46,578,458,39,28.4,26.0
2020-11-09T20:49:56,592,454,39,28.3,26.0
2020-11-09T20:50:06,603,450,39,28.2,26.0
2020-11-09T20:50:16,620,448,39,28.2,26.0
2020-11-09T20:50:26,584,443,39,28.3,26.0
2020-11-09T20:50:36,710,441,39,28.3,26.0
2020-11-09T20:50:46,517,444,39,28.3,26.0
2020-11-09T20:50:56,493,440,39,28.3,26.0
2020-11-09T20:51:06,530,440,39,28.3,26.0
2020-11-09T20:51:16,523,442,39,28.4,26.0
2020-11-09T20:51:26,645,442,39,28.4,26.0
2020-11-09T20:51:36,542,450,38,28.4,26.0
2020-11-09T20:51:46,607,457,39,28.4,26.0
2020-11-09T20:51:56,615,457,38,28.5,26.0
2020-11-09T20:52:06,523,461,38,28.4,26.0
2020-11-09T20:52:16,486,469,39,28.3,26.0
2020-11-09T20:52:26,506,464,39,28.2,26.0
2020-11-09T20:52:36,560,457,39,28.2,26.0
2020-11-09T20:52:46,555,449,39,28.2,26.0
2020-11-09T20:52:56,641,439,39,28.3,26.0
2020-11-09T20:53:06,631,439,39,28.3,26.0
2020-11-09T20:53:16,757,442,39,28.4,26.0
2020-11-09T20:53:26,806,437,39,28.4,26.0
2020-11-09T20:53:36,765,436,39,28.4,26.0
2020-11-09T20:53:46,656,447,39,28.4,26.0
2020-11-09T20:53:56,607,456,38,28.4,26.0
2020-11-09T20:54:06,552,463,39,28.3,26.0
2020-11-09T20:54:16,482,473,39,28.2,26.0
2020-11-09T20:54:26,492,472,39,28.2,26.0
2020-11-09T20:54:36,466,465,39,28.2,26.0
2020-11-09T20:54:46,464,457,39,28.2,26.0
2020-11-09T20:54:56,514,455,39,28.2,26.0
2020-11-09T20:55:06,493,456,39,28.3,26.0
2020-11-09T20:55:16,478,456,39,28.3,26.0
2020-11-09T20:55:26,470,456,39,28.4,26.0
2020-11-09T20:55:36,450,461,39,28.4,26.0
2020-11-09T20:55:46,454,462,39,28.4,26.0
2020-11-09T20:55:56,462,463,39,28.4,26.0
2020-11-09T20:56:06,470,468,38,28.4,26.0
2020-11-09T20:56:16,475,475,38,28.4,26.0
2020-11-09T20:56:26,506,480,38,28.4,26.0
2020-11-09T20:56:36,530,480,38,28.4,26.0
2020-11-09T20:56:46,523,475,38,28.5,26.0
2020-11-09T20:56:56,502,472,38,28.5,26.0
2020-11-09T20:57:06,526,471,38,28.5,26.0
2020-11-09T20:57:16,475,468,38,28.5,26.0
2020-11-09T20:57:26,454,472,38,28.4,26.0
2020-11-09T20:57:36,462,475,38,28.4,26.0
2020-11-09T20:57:46,486,472,38,28.4,26.0
2020-11-09T20:57:56,526,475,38,28.4,26.0
2020-11-09T20:58:06,459,476,38,28.4,26.0
2020-11-09T20:58:16,459,472,38,28.4,26.0
2020-11-09T20:58:26,454,471,38,28.4,26.0
2020-11-09T20:58:36,450,475,38,28.4,26.0
2020-11-09T20:58:46,434,474,38,28.4,26.0
2020-11-09T20:58:56,420,475,38,28.3,26.0
2020-11-09T20:59:06,400,475,39,28.3,26.0
2020-11-09T20:59:16,400,474,39,28.3,26.0
2020-11-09T20:59:26,400,474,39,28.2,26.0
2020-11-09T20:59:36,414,474,39,28.1,26.0
2020-11-09T20:59:46,405,472,39,28.1,26.0
2020-11-09T20:59:56,407,467,39,28.1,26.0
2020-11-09T21:00:06,414,463,39,28.1,26.0
2020-11-09T21:00:16,402,462,39,28.1,26.0
2020-11-09T21:00:26,418,462,39,28.1,26.0
2020-11-09T21:00:36,405,466,39,28.1,26.0
2020-11-09T21:00:46,405,468,39,28.1,26.0
2020-11-09T21:00:56,416,468,39,28.1,26.0
2020-11-09T21:01:06,414,470,39,28.1,26.0
2020-11-09T21:01:16,439,471,39,28.1,26.0
2020-11-09T21:01:26,407,468,39,28.1,26.0
2020-11-09T21:01:36,409,466,39,28.1,26.0
2020-11-09T21:01:46,418,463,39,28.0,26.0
2020-11-09T21:01:56,418,465,39,28.0,26.0
2020-11-09T21:02:06,409,443,39,27.9,25.0
2020-11-09T21:02:16,454,434,39,27.9,25.0
2020-11-09T21:02:26,581,432,39,28.1,26.0
2020-11-09T21:02:36,726,433,39,28.1,26.0
2020-11-09T21:02:46,961,435,39,28.1,26.0
2020-11-09T21:02:56,1102,435,39,28.2,26.0
2020-11-09T21:03:06,1083,437,39,28.2,26.0
2020-11-09T21:03:16,1235,440,39,28.2,26.0
2020-11-09T21:03:26,1548,444,39,28.3,26.0
2020-11-09T21:03:36,1879,447,39,28.4,26.0
2020-11-09T21:03:46,65535,447,39,28.4,26.0
2020-11-09T21:03:56,6147,451,39,28.5,26.0
2020-11-09T21:04:06,5358,451,39,28.5,26.0
2020-11-09T21:04:16,5368,457,39,28.5,26.0
2020-11-09T21:04:26,7546,464,39,28.5,26.0
2020-11-09T21:04:36,7715,466,39,28.6,26.0
2020-11-09T21:04:46,7715,475,39,28.6,26.0
2020-11-09T21:04:56,6771,487,39,28.6,26.0
2020-11-09T21:05:06,6442,507,39,28.7,26.0
2020-11-09T21:05:16,6267,526,39,28.7,26.0
2020-11-09T21:05:26,6134,539,39,28.7,26.0
2020-11-09T21:05:36,5550,556,39,28.7,26.0
2020-11-09T21:05:46,5202,573,39,28.8,26.0
2020-11-09T21:05:56,4874,601,39,28.8,26.0
2020-11-09T21:06:06,5017,614,39,28.8,26.0
2020-11-09T21:06:16,5116,627,39,28.8,26.0
2020-11-09T21:06:26,4959,632,39,28.9,26.0
2020-11-09T21:06:36,5017,651,39,28.9,27.0
2020-11-09T21:06:46,4779,662,39,28.9,27.0
2020-11-09T21:06:56,4479,672,39,28.9,27.0
2020-11-09T21:07:06,4414,679,39,29.0,27.0
2020-11-09T21:07:16,3969,686,39,29.0,27.0
2020-11-09T21:07:36,3284,698,39,29.0,27.0
2020-11-09T21:07:56,3324,708,39,29.1,27.0
2020-11-09T21:08:06,3378,713,38,29.1,27.0
2020-11-09T21:08:16,3107,717,39,29.1,27.0
2020-11-09T21:08:26,2704,718,38,29.1,27.0
2020-11-09T21:08:36,3107,718,38,29.1,27.0
2020-11-09T21:08:46,2514,721,38,29.1,27.0
2020-11-09T21:08:56,2475,722,38,29.1,27.0
2020-11-09T21:09:06,2620,723,38,29.2,27.0
2020-11-09T21:09:16,2762,723,38,29.2,27.0
2020-11-09T21:09:26,2697,725,38,29.2,27.0
2020-11-09T21:09:36,2659,725,38,29.2,27.0
2020-11-09T21:09:46,2697,725,38,29.2,27.0
2020-11-09T21:09:56,1408,726,38,29.1,27.0
2020-11-09T21:10:06,897,730,38,28.9,27.0
2020-11-09T21:10:16,1127,734,38,28.9,27.0
2020-11-09T21:10:26,944,731,38,28.9,27.0
2020-11-09T21:10:46,816,723,38,28.8,27.0
2020-11-09T21:10:56,624,722,38,28.7,27.0
2020-11-09T21:11:06,610,715,38,28.6,27.0
2020-11-09T21:11:16,642,711,38,28.7,27.0
2020-11-09T21:11:26,603,697,38,28.6,26.0
2020-11-09T21:11:36,579,689,38,28.6,26.0
2020-11-09T21:11:46,567,677,38,28.6,26.0
2020-11-09T21:11:56,637,651,38,28.6,26.0
2020-11-09T21:12:06,610,636,38,28.6,26.0
2020-11-09T21:12:16,644,613,39,28.6,26.0
2020-11-09T21:12:26,656,601,38,28.6,26.0
2020-11-09T21:12:36,653,593,39,28.5,26.0
2020-11-09T21:12:46,676,585,39,28.5,26.0
2020-11-09T21:12:56,656,575,39,28.4,26.0
2020-11-09T21:13:06,679,565,39,28.3,26.0
2020-11-09T21:13:16,540,560,39,28.3,26.0
2020-11-09T21:13:26,554,551,39,28.2,26.0
2020-11-09T21:13:36,706,538,39,28.2,26.0
2020-11-09T21:13:46,637,529,39,28.2,26.0
2020-11-09T21:13:56,646,520,39,28.2,26.0
2020-11-09T21:14:06,627,511,39,28.2,26.0
2020-11-09T21:14:16,542,507,40,28.1,26.0
2020-11-09T21:14:26,563,503,39,28.1,26.0
2020-11-09T21:14:36,616,493,40,28.1,26.0
2020-11-09T21:14:46,659,490,40,28.1,26.0
2020-11-09T21:14:56,621,487,39,28.1,26.0
2020-11-09T21:15:06,627,483,39,28.1,26.0
